method,candidate,training_seed,checkpoint_type,parameter_count,step,effective_input_features,nominal_input_features,ebno_db,coded_bits,coded_bit_errors,bce_sum_nats,blocks,block_errors,payload_bits,payload_bit_errors,crc_failures,undetected_block_errors,crc_failures_without_payload_error,rescue_vs_raw,harm_vs_raw,independent_channels,channel_ebno_observations,coded_ber,bce_nats,bler,payload_ber,fixed_scale_gmi_proxy,alpha_mean,alpha_min,alpha_max,alpha_histogram_edges,alpha_histogram_counts,alpha_histogram_fractions,alpha_lower_fraction,alpha_upper_fraction,scale_forward_seconds,decode_seconds,scale_forward_ms_per_channel,decode_ms_per_channel
native_lmmse,native_lmmse,,fixed,0,,0,0,,528482304,54034861,148101623.52496818,57344,4950,177995776,3500449,4950,0,0,77,191,512,3584,0.10224535540928917,0.2802395130433131,0.08632114955357142,0.019665910498909818,0.5956998442712742,,,,,,,,,0.0,43.927162921987474,0.0,12.256462868858112
native_lmmse,native_lmmse,,fixed,0,,0,0,-12.0,75497472,9698349,24325893.180310637,8192,1080,25427968,717960,1080,0,0,12,34,512,512,0.1284592549006144,0.3222080493014473,0.1318359375,0.028235052049774483,0.5351520451382954,,,,,,,,,0.0,6.277013283222914,0.0,12.259791568794753
native_lmmse,native_lmmse,,fixed,0,,0,0,-11.5,75497472,8989682,23188907.144217692,8192,913,25427968,615480,913,0,0,14,48,512,512,0.11907262272304958,0.30714812734680297,0.1114501953125,0.02420484405202964,0.5568789198584355,,,,,,,,,0.0,6.274908844381571,0.0,12.255681336682756
native_lmmse,native_lmmse,,fixed,0,,0,0,-11.0,75497472,8308185,22091891.465794023,8192,760,25427968,540805,760,0,0,14,26,512,512,0.11004587014516194,0.2926176318300303,0.0927734375,0.021268117059137403,0.5778419936821428,,,,,,,,,0.0,6.275864788331091,0.0,12.257548414709163
native_lmmse,native_lmmse,,fixed,0,,0,0,-10.5,75497472,7656377,21042897.216907874,8192,670,25427968,475213,670,0,0,9,24,512,512,0.1014123625225491,0.27872320303529996,0.081787109375,0.01868859517205622,0.597887417200285,,,,,,,,,0.0,6.275047571398318,0.0,12.25595228788734
native_lmmse,native_lmmse,,fixed,0,,0,0,-10.0,75497472,7035716,20050785.99837664,8192,566,25427968,425618,566,0,0,6,15,512,512,0.09319141176011828,0.26558221708902574,0.069091796875,0.016738183719595682,0.6168458524573665,,,,,,,,,0.0,6.274579161778092,0.0,12.255037425347837
native_lmmse,native_lmmse,,fixed,0,,0,0,-9.5,75497472,6449307,19125142.739424605,8192,509,25427968,379799,509,0,0,15,23,512,512,0.08542414506276448,0.25332163094712107,0.0621337890625,0.014936270173062984,0.6345341392826842,,,,,,,,,0.0,6.2745732525363564,0.0,12.255025883860071
native_lmmse,native_lmmse,,fixed,0,,0,0,-9.0,75497472,5897245,18276105.779936705,8192,452,25427968,345574,452,0,0,7,21,512,512,0.07811182075076634,0.2420757317534646,0.05517578125,0.013590311266712308,0.6507585422797096,,,,,,,,,0.0,6.275176020339131,0.0,12.256203164724866
ep5_raw,ep5_raw,,fixed,0,,0,0,,528482304,52934309,153557715.09719837,57344,4836,177995776,3464896,4836,0,0,0,0,512,3584,0.10016287886907184,0.2905635892345761,0.08433314732142858,0.019466169803939618,0.5808053507483792,1.0,1.0,1.0,"[0.05, 0.1, 0.25, 0.5, 0.75, 1, 1.5, 2, 4, 8]","[0, 0, 0, 0, 0, 528482304, 0, 0, 0]","[0.0, 0.0, 0.0, 0.0, 0.0, 1.0, 0.0, 0.0, 0.0]",0.0,0.0,0.0,43.92306212987751,0.0,12.255318674631
ep5_raw,ep5_raw,,fixed,0,,0,0,-12.0,75497472,9568795,24632330.408148702,8192,1058,25427968,709704,1058,0,0,0,0,512,512,0.12674325042300755,0.32626695643727915,0.129150390625,0.02791037018766108,0.5292962799420019,1.0,1.0,1.0,"[0.05, 0.1, 0.25, 0.5, 0.75, 1, 1.5, 2, 4, 8]","[0, 0, 0, 0, 0, 75497472, 0, 0, 0]","[0.0, 0.0, 0.0, 0.0, 0.0, 1.0, 0.0, 0.0, 0.0]",0.0,0.0,0.0,6.2746631652116776,0.0,12.255201494554058
ep5_raw,ep5_raw,,fixed,0,,0,0,-11.5,75497472,8854724,23625973.603609882,8192,879,25427968,611624,879,0,0,0,0,512,512,0.11728503968980578,0.31293728091464945,0.1072998046875,0.02405320000402706,0.5485269367151588,1.0,1.0,1.0,"[0.05, 0.1, 0.25, 0.5, 0.75, 1, 1.5, 2, 4, 8]","[0, 0, 0, 0, 0, 75497472, 0, 0, 0]","[0.0, 0.0, 0.0, 0.0, 0.0, 1.0, 0.0, 0.0, 0.0]",0.0,0.0,0.0,6.274377419613302,0.0,12.25464339768223
ep5_raw,ep5_raw,,fixed,0,,0,0,-11.0,75497472,8166367,22676289.77968863,8192,748,25427968,536747,748,0,0,0,0,512,512,0.1081674231423272,0.3003582660315915,0.09130859375,0.0211085290023961,0.566674619106215,1.0,1.0,1.0,"[0.05, 0.1, 0.25, 0.5, 0.75, 1, 1.5, 2, 4, 8]","[0, 0, 0, 0, 0, 75497472, 0, 0, 0]","[0.0, 0.0, 0.0, 0.0, 0.0, 1.0, 0.0, 0.0, 0.0]",0.0,0.0,0.0,6.27346130926162,0.0,12.252854119651602
ep5_raw,ep5_raw,,fixed,0,,0,0,-10.5,75497472,7503795,21790946.56040133,8192,655,25427968,469836,655,0,0,0,0,512,512,0.09939134120941162,0.28863147312272036,0.0799560546875,0.018477135097857603,0.5835928050813752,1.0,1.0,1.0,"[0.05, 0.1, 0.25, 0.5, 0.75, 1, 1.5, 2, 4, 8]","[0, 0, 0, 0, 0, 75497472, 0, 0, 0]","[0.0, 0.0, 0.0, 0.0, 0.0, 1.0, 0.0, 0.0, 0.0]",0.0,0.0,0.0,6.274384175427258,0.0,12.254656592631363
ep5_raw,ep5_raw,,fixed,0,,0,0,-10.0,75497472,6870937,20977097.630634204,8192,557,25427968,420753,557,0,0,0,0,512,512,0.09100883536868626,0.27785165615392,0.0679931640625,0.01654685895467542,0.5991447935639542,1.0,1.0,1.0,"[0.05, 0.1, 0.25, 0.5, 0.75, 1, 1.5, 2, 4, 8]","[0, 0, 0, 0, 0, 75497472, 0, 0, 0]","[0.0, 0.0, 0.0, 0.0, 0.0, 1.0, 0.0, 0.0, 0.0]",0.0,0.0,0.0,6.275349177420139,0.0,12.25654136214871
ep5_raw,ep5_raw,,fixed,0,,0,0,-9.5,75497472,6268798,20246298.1882722,8192,501,25427968,376540,501,0,0,0,0,512,512,0.08303321732415093,0.2681718692285776,0.0611572265625,0.01480810421029317,0.6131097741580075,1.0,1.0,1.0,"[0.05, 0.1, 0.25, 0.5, 0.75, 1, 1.5, 2, 4, 8]","[0, 0, 0, 0, 0, 75497472, 0, 0, 0]","[0.0, 0.0, 0.0, 0.0, 0.0, 1.0, 0.0, 0.0, 0.0]",0.0,0.0,0.0,6.275224800221622,0.0,12.256298437932855
ep5_raw,ep5_raw,,fixed,0,,0,0,-9.0,75497472,5700893,19608778.926443417,8192,438,25427968,339692,438,0,0,0,0,512,512,0.07551104492611355,0.25972762275329453,0.053466796875,0.013358991170666882,0.6252922466719425,1.0,1.0,1.0,"[0.05, 0.1, 0.25, 0.5, 0.75, 1, 1.5, 2, 4, 8]","[0, 0, 0, 0, 0, 75497472, 0, 0, 0]","[0.0, 0.0, 0.0, 0.0, 0.0, 1.0, 0.0, 0.0, 0.0]",0.0,0.0,0.0,6.275602082721889,0.0,12.25703531781619
global_train24,global_train24,,fixed,1,,0,0,,528482304,52934309,125863001.62640934,57344,4444,177995776,2845519,4444,0,0,401,9,512,3584,0.10016287886907184,0.23815934927957272,0.07749720982142858,0.015986441161390256,0.656408687853018,0.5419355034828186,0.5419355034828186,0.5419355034828186,"[0.05, 0.1, 0.25, 0.5, 0.75, 1, 1.5, 2, 4, 8]","[0, 0, 0, 528482304, 0, 0, 0, 0, 0]","[0.0, 0.0, 0.0, 1.0, 0.0, 0.0, 0.0, 0.0, 0.0]",0.0,0.0,1.2167389215901494,45.14956877660006,0.3394918866043944,12.597535930971
global_train24,global_train24,,fixed,1,,0,0,-12.0,75497472,9568795,21668875.464900732,8192,981,25427968,574435,981,0,0,79,2,512,512,0.12674325042300755,0.28701458328168566,0.1197509765625,0.022590676533807183,0.5859254840366996,0.5419355034828186,0.5419355034828186,0.5419355034828186,"[0.05, 0.1, 0.25, 0.5, 0.75, 1, 1.5, 2, 4, 8]","[0, 0, 0, 75497472, 0, 0, 0, 0, 0]","[0.0, 0.0, 0.0, 1.0, 0.0, 0.0, 0.0, 0.0, 0.0]",0.0,0.0,0.17391980066895485,6.450847828760743,0.33968711068155244,12.599312165548326
global_train24,global_train24,,fixed,1,,0,0,-11.5,75497472,8854724,20331476.560854018,8192,805,25427968,496433,805,0,0,77,3,512,512,0.11728503968980578,0.2693000973708632,0.0982666015625,0.019523109357381604,0.6114820850121407,0.5419355034828186,0.5419355034828186,0.5419355034828186,"[0.05, 0.1, 0.25, 0.5, 0.75, 1, 1.5, 2, 4, 8]","[0, 0, 0, 75497472, 0, 0, 0, 0, 0]","[0.0, 0.0, 0.0, 1.0, 0.0, 0.0, 0.0, 0.0, 0.0]",0.0,0.0,0.1738430354744196,6.449521644040942,0.33953717866097577,12.596721961017465
global_train24,global_train24,,fixed,1,,0,0,-11.0,75497472,8166367,19047918.435755137,8192,696,25427968,433638,696,0,0,53,1,512,512,0.1081674231423272,0.252298758238622,0.0849609375,0.017053584462588596,0.6360098326666965,0.5419355034828186,0.5419355034828186,0.5419355034828186,"[0.05, 0.1, 0.25, 0.5, 0.75, 1, 1.5, 2, 4, 8]","[0, 0, 0, 75497472, 0, 0, 0, 0, 0]","[0.0, 0.0, 0.0, 1.0, 0.0, 0.0, 0.0, 0.0, 0.0]",0.0,0.0,0.1736019505187869,6.449516425840557,0.3390663096070057,12.596711769219837
global_train24,global_train24,,fixed,1,,0,0,-10.5,75497472,7503795,17829100.997666843,8192,588,25427968,385556,588,0,0,67,0,512,512,0.09939134120941162,0.23615494036233217,0.07177734375,0.015162674422116624,0.6593004386578345,0.5419355034828186,0.5419355034828186,0.5419355034828186,"[0.05, 0.1, 0.25, 0.5, 0.75, 1, 1.5, 2, 4, 8]","[0, 0, 0, 75497472, 0, 0, 0, 0, 0]","[0.0, 0.0, 0.0, 1.0, 0.0, 0.0, 0.0, 0.0, 0.0]",0.0,0.0,0.1738149942830205,6.4512613313272595,0.3394824107090244,12.600119787748554
global_train24,global_train24,,fixed,1,,0,0,-10.0,75497472,6870937,16685286.338931661,8192,525,25427968,346908,525,0,0,33,1,512,512,0.09100883536868626,0.22100457004615548,0.0640869140625,0.013642773185808635,0.681157802780614,0.5419355034828186,0.5419355034828186,0.5419355034828186,"[0.05, 0.1, 0.25, 0.5, 0.75, 1, 1.5, 2, 4, 8]","[0, 0, 0, 75497472, 0, 0, 0, 0, 0]","[0.0, 0.0, 0.0, 1.0, 0.0, 0.0, 0.0, 0.0, 0.0]",0.0,0.0,0.17409862857311964,6.44985989574343,0.3400363839318743,12.597382608873886
global_train24,global_train24,,fixed,1,,0,0,-9.5,75497472,6268798,15629123.667271128,8192,453,25427968,315867,453,0,0,50,2,512,512,0.08303321732415093,0.207015192075188,0.0552978515625,0.0124220307340327,0.70134020900445,0.5419355034828186,0.5419355034828186,0.5419355034828186,"[0.05, 0.1, 0.25, 0.5, 0.75, 1, 1.5, 2, 4, 8]","[0, 0, 0, 75497472, 0, 0, 0, 0, 0]","[0.0, 0.0, 0.0, 1.0, 0.0, 0.0, 0.0, 0.0, 0.0]",0.0,0.0,0.17351517733186483,6.448739632964134,0.3388968307262985,12.595194595633075
global_train24,global_train24,,fixed,1,,0,0,-9.0,75497472,5700893,14671220.161029818,8192,396,25427968,292682,396,0,0,42,0,512,512,0.07551104492611355,0.19432730358216255,0.04833984375,0.011510239433996455,0.71964496281269,0.5419355034828186,0.5419355034828186,0.5419355034828186,"[0.05, 0.1, 0.25, 0.5, 0.75, 1, 1.5, 2, 4, 8]","[0, 0, 0, 75497472, 0, 0, 0, 0, 0]","[0.0, 0.0, 0.0, 1.0, 0.0, 0.0, 0.0, 0.0, 0.0]",0.0,0.0,0.17394533473998308,6.4498220179229975,0.33973698191402946,12.597308628755854
per_bit_train24,per_bit_train24,,fixed,4,,0,0,,528482304,52934309,125782113.45916948,57344,4388,177995776,2807688,4388,0,0,454,6,512,3584,0.10016287886907184,0.2380062918041802,0.07652064732142858,0.015773902409908874,0.6566295031137377,0.5515301674604416,0.5185232162475586,0.585189163684845,"[0.05, 0.1, 0.25, 0.5, 0.75, 1, 1.5, 2, 4, 8]","[0, 0, 0, 528482304, 0, 0, 0, 0, 0]","[0.0, 0.0, 0.0, 1.0, 0.0, 0.0, 0.0, 0.0, 0.0]",0.0,0.0,1.304434446617961,44.30846900027245,0.36396050407867214,12.362854073736733
per_bit_train24,per_bit_train24,,fixed,4,,0,0,-12.0,75497472,9568795,21650766.3576362,8192,968,25427968,567585,968,0,0,92,2,512,512,0.12674325042300755,0.286774719524863,0.1181640625,0.022321288118657377,0.5862715342891567,0.5515301674604416,0.5185232162475586,0.585189163684845,"[0.05, 0.1, 0.25, 0.5, 0.75, 1, 1.5, 2, 4, 8]","[0, 0, 0, 75497472, 0, 0, 0, 0, 0]","[0.0, 0.0, 0.0, 1.0, 0.0, 0.0, 0.0, 0.0, 0.0]",0.0,0.0,0.1859131744131446,6.328760312870145,0.363111668775673,12.360859986074502
per_bit_train24,per_bit_train24,,fixed,4,,0,0,-11.5,75497472,8854724,20316863.03676391,8192,794,25427968,490239,794,0,0,87,2,512,512,0.11728503968980578,0.2691065342792393,0.096923828125,0.019279519307244683,0.6117613375245257,0.5515301674604416,0.5185232162475586,0.585189163684845,"[0.05, 0.1, 0.25, 0.5, 0.75, 1, 1.5, 2, 4, 8]","[0, 0, 0, 75497472, 0, 0, 0, 0, 0]","[0.0, 0.0, 0.0, 1.0, 0.0, 0.0, 0.0, 0.0, 0.0]",0.0,0.0,0.18746879696846008,6.329914337024093,0.3661499940790236,12.363113939500181
per_bit_train24,per_bit_train24,,fixed,4,,0,0,-11.0,75497472,8166367,19035889.91222905,8192,691,25427968,427713,691,0,0,57,0,512,512,0.1081674231423272,0.25213943471152317,0.0843505859375,0.016820573315177997,0.636239687929139,0.5515301674604416,0.5185232162475586,0.585189163684845,"[0.05, 0.1, 0.25, 0.5, 0.75, 1, 1.5, 2, 4, 8]","[0, 0, 0, 75497472, 0, 0, 0, 0, 0]","[0.0, 0.0, 0.0, 1.0, 0.0, 0.0, 0.0, 0.0, 0.0]",0.0,0.0,0.18636633921414614,6.330137732438743,0.3639967562776292,12.36355025866942
per_bit_train24,per_bit_train24,,fixed,4,,0,0,-10.5,75497472,7503795,17818854.877805226,8192,579,25427968,380516,579,0,0,76,0,512,512,0.09939134120941162,0.23601922562129266,0.0706787109375,0.014964467471407861,0.6594962336417076,0.5515301674604416,0.5185232162475586,0.585189163684845,"[0.05, 0.1, 0.25, 0.5, 0.75, 1, 1.5, 2, 4, 8]","[0, 0, 0, 75497472, 0, 0, 0, 0, 0]","[0.0, 0.0, 0.0, 1.0, 0.0, 0.0, 0.0, 0.0, 0.0]",0.0,0.0,0.18650899920612574,6.3308750335127115,0.36427538907446433,12.364990299829515
per_bit_train24,per_bit_train24,,fixed,4,,0,0,-10.0,75497472,6870937,16676137.551817054,8192,516,25427968,341894,516,0,0,42,1,512,512,0.09100883536868626,0.22088339000035728,0.06298828125,0.013445588731274162,0.6813326286317417,0.5515301674604416,0.5185232162475586,0.585189163684845,"[0.05, 0.1, 0.25, 0.5, 0.75, 1, 1.5, 2, 4, 8]","[0, 0, 0, 75497472, 0, 0, 0, 0, 0]","[0.0, 0.0, 0.0, 1.0, 0.0, 0.0, 0.0, 0.0, 0.0]",0.0,0.0,0.18630975857377052,6.3290732288733125,0.36388624721439555,12.361471150143188
per_bit_train24,per_bit_train24,,fixed,4,,0,0,-9.5,75497472,6268798,15620607.00095255,8192,448,25427968,311131,448,0,0,54,1,512,512,0.08303321732415093,0.20690238477061257,0.0546875,0.012235779123207958,0.701502955543337,0.5515301674604416,0.5185232162475586,0.585189163684845,"[0.05, 0.1, 0.25, 0.5, 0.75, 1, 1.5, 2, 4, 8]","[0, 0, 0, 75497472, 0, 0, 0, 0, 0]","[0.0, 0.0, 0.0, 1.0, 0.0, 0.0, 0.0, 0.0, 0.0]",0.0,0.0,0.1859169052913785,6.329411370679736,0.36311895564722363,12.36213158335886
per_bit_train24,per_bit_train24,,fixed,4,,0,0,-9.0,75497472,5700893,14662994.721965482,8192,392,25427968,288610,392,0,0,46,0,512,512,0.07551104492611355,0.1942183537213734,0.0478515625,0.011350100802392075,0.7198021442365561,0.5515301674604416,0.5185232162475586,0.585189163684845,"[0.05, 0.1, 0.25, 0.5, 0.75, 1, 1.5, 2, 4, 8]","[0, 0, 0, 75497472, 0, 0, 0, 0, 0]","[0.0, 0.0, 0.0, 1.0, 0.0, 0.0, 0.0, 0.0, 0.0]",0.0,0.0,0.18595047295093536,6.330296984873712,0.36318451748229563,12.363861298581469
noise_per_bit_train24,noise_per_bit_train24,,fixed,12,,1,1,,528482304,52934309,125373010.67382984,57344,4382,177995776,2817018,4382,0,0,459,5,512,3584,0.10016287886907184,0.23723218303602808,0.076416015625,0.01582631938411842,0.6577463059946593,0.5499996032033648,0.4591735601425171,0.6463584303855896,"[0.05, 0.1, 0.25, 0.5, 0.75, 1, 1.5, 2, 4, 8]","[0, 0, 75497472, 452984832, 0, 0, 0, 0, 0]","[0.0, 0.0, 0.14285714285714285, 0.8571428571428571, 0.0, 0.0, 0.0, 0.0, 0.0]",0.0,0.0,1.4603692013770342,44.19280613493174,0.4074690852056457,12.330582068898366
noise_per_bit_train24,noise_per_bit_train24,,fixed,12,,1,1,-12.0,75497472,9568795,21673398.10479382,8192,971,25427968,579113,971,0,0,87,0,512,512,0.12674325042300755,0.28707448780263556,0.1185302734375,0.02277464719162774,0.5858390600813985,0.6113858968019485,0.577251136302948,0.6463584303855896,"[0.05, 0.1, 0.25, 0.5, 0.75, 1, 1.5, 2, 4, 8]","[0, 0, 0, 75497472, 0, 0, 0, 0, 0]","[0.0, 0.0, 0.0, 1.0, 0.0, 0.0, 0.0, 0.0, 0.0]",0.0,0.0,0.20137170888483524,6.311722723767161,0.39330411891569383,12.327583444857737
noise_per_bit_train24,noise_per_bit_train24,,fixed,12,,1,1,-11.5,75497472,8854724,20352666.32278461,8192,799,25427968,497806,799,0,0,82,2,512,512,0.11728503968980578,0.26958076586702945,0.0975341796875,0.01957710502073937,0.6110771659645879,0.5912256091833115,0.5581763982772827,0.6251353621482849,"[0.05, 0.1, 0.25, 0.5, 0.75, 1, 1.5, 2, 4, 8]","[0, 0, 0, 75497472, 0, 0, 0, 0, 0]","[0.0, 0.0, 0.0, 1.0, 0.0, 0.0, 0.0, 0.0, 0.0]",0.0,0.0,0.21305233612656593,6.312382753007114,0.4161178439971991,12.32887256446702
noise_per_bit_train24,noise_per_bit_train24,,fixed,12,,1,1,-11.0,75497472,8166367,19066606.491758935,8192,691,25427968,432396,691,0,0,57,0,512,512,0.1081674231423272,0.25254629044743293,0.0843505859375,0.017004740606878222,0.6356527191765847,0.5717302411794662,0.5397319793701172,0.6046091914176941,"[0.05, 0.1, 0.25, 0.5, 0.75, 1, 1.5, 2, 4, 8]","[0, 0, 0, 75497472, 0, 0, 0, 0, 0]","[0.0, 0.0, 0.0, 1.0, 0.0, 0.0, 0.0, 0.0, 0.0]",0.0,0.0,0.212960590608418,6.313515434972942,0.4159386535320664,12.331084833931527
noise_per_bit_train24,noise_per_bit_train24,,fixed,12,,1,1,-10.5,75497472,7503795,17822400.78593261,8192,579,25427968,381305,579,0,0,76,0,512,512,0.09939134120941162,0.2360661928644791,0.0706787109375,0.014995496297620007,0.6594284742328784,0.5528778284788132,0.5218970775604248,0.5847570300102234,"[0.05, 0.1, 0.25, 0.5, 0.75, 1, 1.5, 2, 4, 8]","[0, 0, 0, 75497472, 0, 0, 0, 0, 0]","[0.0, 0.0, 0.0, 1.0, 0.0, 0.0, 0.0, 0.0, 0.0]",0.0,0.0,0.2043663179501891,6.314107489772141,0.3991529647464631,12.332241190961213
noise_per_bit_train24,noise_per_bit_train24,,fixed,12,,1,1,-10.0,75497472,6870937,16614839.940910751,8192,511,25427968,339140,511,0,0,47,1,512,512,0.09100883536868626,0.22007147392843499,0.0623779296875,0.01333728279035116,0.682503975922322,0.5295879393815994,0.500112771987915,0.559680700302124,"[0.05, 0.1, 0.25, 0.5, 0.75, 1, 1.5, 2, 4, 8]","[0, 0, 0, 75497472, 0, 0, 0, 0, 0]","[0.0, 0.0, 0.0, 1.0, 0.0, 0.0, 0.0, 0.0, 0.0]",0.0,0.0,0.21353676356375217,6.3146149925887585,0.41706399133545347,12.333232407399919
noise_per_bit_train24,noise_per_bit_train24,,fixed,12,,1,1,-9.5,75497472,6268798,15464383.042764135,8192,446,25427968,306210,446,0,0,57,2,512,512,0.08303321732415093,0.20483312398545125,0.054443359375,0.012042252058835374,0.7044882678163953,0.5072792544960976,0.479237824678421,0.5356796979904175,"[0.05, 0.1, 0.25, 0.5, 0.75, 1, 1.5, 2, 4, 8]","[0, 0, 37748736, 37748736, 0, 0, 0, 0, 0]","[0.0, 0.0, 0.5, 0.5, 0.0, 0.0, 0.0, 0.0, 0.0]",0.0,0.0,0.2129351580515504,6.312633296474814,0.41588898056943435,12.329361907177372
noise_per_bit_train24,noise_per_bit_train24,,fixed,12,,1,1,-9.0,75497472,5700893,14378715.984884977,8192,385,25427968,281048,385,0,0,53,0,512,512,0.07551104492611355,0.19045294635673335,0.0469970703125,0.011052711722777062,0.725234478768449,0.48591045290231705,0.4591735601425171,0.5127080082893372,"[0.05, 0.1, 0.25, 0.5, 0.75, 1, 1.5, 2, 4, 8]","[0, 0, 37748736, 37748736, 0, 0, 0, 0, 0]","[0.0, 0.0, 0.5, 0.5, 0.0, 0.0, 0.0, 0.0, 0.0]",0.0,0.0,0.20214632619172335,6.313829444348812,0.39481704334320966,12.331698133493774
full_mlp_seed42_best,full_mlp,42,best,1412,2800,6,6,,528482304,52934309,122555704.0076705,57344,4166,177995776,2661389,4166,0,0,674,4,512,3584,0.10016287886907184,0.2319012445261942,0.07264927455357142,0.014951978410993303,0.6654372245460807,0.5381539712920218,0.05000000074505806,0.9595646262168884,"[0.05, 0.1, 0.25, 0.5, 0.75, 1, 1.5, 2, 4, 8]","[7403, 2823199, 201641900, 306246817, 17762985, 0, 0, 0, 0]","[1.4008037627689422e-05, 0.005342088048420255, 0.381549010201106, 0.5794835790755257, 0.03361131463732038, 0.0, 0.0, 0.0, 0.0]",1.419158208937872e-07,0.0,9.490987283177674,44.198574733920395,2.648154933922342,12.332191611026897
full_mlp_seed42_best,full_mlp,42,best,1412,2800,6,6,-12.0,75497472,9568795,21388546.559917524,8192,933,25427968,552716,933,0,0,126,1,512,512,0.12674325042300755,0.2833014933257305,0.1138916015625,0.021736538287290594,0.5912823405025308,0.5929485154132692,0.07243993133306503,0.9595646262168884,"[0.05, 0.1, 0.25, 0.5, 0.75, 1, 1.5, 2, 4, 8]","[36, 88608, 16269395, 52194789, 6944644, 0, 0, 0, 0]","[4.76837158203125e-07, 0.0011736551920572917, 0.21549589104122585, 0.6913448572158813, 0.0919851197136773, 0.0, 0.0, 0.0, 0.0]",0.0,0.0,1.3634762037545443,6.3145800195634365,2.6630394604580943,12.333164100709837
full_mlp_seed42_best,full_mlp,42,best,1412,2800,6,6,-11.5,75497472,8854724,20030843.852785457,8192,764,25427968,473351,764,0,0,116,1,512,512,0.11728503968980578,0.2653180738659098,0.09326171875,0.018615368715266593,0.6172269305754403,0.5738523215970268,0.062072742730379105,0.941311240196228,"[0.05, 0.1, 0.25, 0.5, 0.75, 1, 1.5, 2, 4, 8]","[81, 136641, 20187910, 50613598, 4559242, 0, 0, 0, 0]","[1.0728836059570312e-06, 0.0018098751703898113, 0.2673984898461236, 0.6704012287987603, 0.06038933330112033, 0.0, 0.0, 0.0, 0.0]",0.0,0.0,1.3534841295331717,6.312801597639918,2.643523690494476,12.329690620390465
full_mlp_seed42_best,full_mlp,42,best,1412,2800,6,6,-11.0,75497472,8166367,18704608.65144133,8192,651,25427968,408859,651,0,0,97,0,512,512,0.1081674231423272,0.2477514565181908,0.0794677734375,0.01607910628171311,0.6425702023081885,0.5553303992559422,0.05319057032465935,0.922410249710083,"[0.05, 0.1, 0.25, 0.5, 0.75, 1, 1.5, 2, 4, 8]","[209, 207155, 24356367, 48096915, 2836826, 0, 0, 0, 0]","[2.7683046129014756e-06, 0.0027438667085435656, 0.3226116895675659, 0.6370665629704794, 0.037575112448798284, 0.0, 0.0, 0.0, 0.0]",0.0,0.0,1.3549677338451147,6.314373763278127,2.6464213551662397,12.332761256402591
full_mlp_seed42_best,full_mlp,42,best,1412,2800,6,6,-10.5,75497472,7503795,17416492.748398725,8192,554,25427968,359501,554,0,0,101,0,512,512,0.09939134120941162,0.23068974744477172,0.067626953125,0.014138015275149001,0.6671850453775003,0.5373104237826359,0.05000000074505806,0.9099005460739136,"[0.05, 0.1, 0.25, 0.5, 0.75, 1, 1.5, 2, 4, 8]","[520, 309818, 28664668, 44847682, 1674784, 0, 0, 0, 0]","[6.887647840711806e-06, 0.004103687074449327, 0.3796771897210015, 0.5940289232465956, 0.02218331231011285, 0.0, 0.0, 0.0, 0.0]",3.9736429850260414e-08,0.0,1.3560982383787632,6.313906156457961,2.648629371833522,12.331847961831954
full_mlp_seed42_best,full_mlp,42,best,1412,2800,6,6,-10.0,75497472,6870937,16173446.022536214,8192,483,25427968,319294,483,0,0,75,1,512,512,0.09100883536868626,0.2142250011038279,0.0589599609375,0.012556803595159472,0.6909386532730748,0.5197128116020795,0.05000000074505806,0.8974130749702454,"[0.05, 0.1, 0.25, 0.5, 0.75, 1, 1.5, 2, 4, 8]","[1051, 458213, 33030333, 41058109, 949766, 0, 0, 0, 0]","[1.3920995924207899e-05, 0.006069249576992459, 0.43750250339508057, 0.5438342226876153, 0.012580103344387479, 0.0, 0.0, 0.0, 0.0]",1.1920928955078125e-07,0.0,1.354366272687912,6.314599817618728,2.645246626343578,12.333202768786578
full_mlp_seed42_best,full_mlp,42,best,1412,2800,6,6,-9.5,75497472,6268798,14984483.887257893,8192,418,25427968,285878,418,0,0,84,1,512,512,0.08303321732415093,0.19847663094279358,0.051025390625,0.011242660050539626,0.7136587488064827,0.5024528430688661,0.05000000074505806,0.8833053708076477,"[0.05, 0.1, 0.25, 0.5, 0.75, 1, 1.5, 2, 4, 8]","[1948, 667806, 37400941, 36905899, 520878, 0, 0, 0, 0]","[2.5802188449435765e-05, 0.00884540875752767, 0.4953932894600762, 0.48883622222476536, 0.006899277369181315, 0.0, 0.0, 0.0, 0.0]",2.2517310248480902e-07,0.0,1.3541416563093662,6.314452491700649,2.644807922479231,12.33291502285283
full_mlp_seed42_best,full_mlp,42,best,1412,2800,6,6,-9.0,75497472,5700893,13857282.285333365,8192,363,25427968,261790,363,0,0,75,0,512,512,0.07551104492611355,0.1835463084821352,0.0443115234375,0.010295356671834729,0.7351986509793477,0.48547048432433293,0.05000000074505806,0.8713376522064209,"[0.05, 0.1, 0.25, 0.5, 0.75, 1, 1.5, 2, 4, 8]","[3558, 954958, 41732286, 32529825, 276845, 0, 0, 0, 0]","[4.712740580240885e-05, 0.012648873858981662, 0.5527640183766683, 0.4308730363845825, 0.003666943973965115, 0.0, 0.0, 0.0, 0.0]",6.092919243706597e-07,0.0,1.3544530486688018,6.313860887661576,2.6454161106812535,12.331759546214016
full_mlp_seed43_best,full_mlp,43,best,1412,3000,6,6,,528482304,52934309,122552326.41130336,57344,4174,177995776,2673433,4174,0,0,668,6,512,3584,0.10016287886907184,0.23189485340137966,0.07278878348214286,0.015019642938043653,0.6654464449901564,0.5415912842707149,0.05000000074505806,1.0091819763183594,"[0.05, 0.1, 0.25, 0.5, 0.75, 1, 1.5, 2, 4, 8]","[7477, 3146594, 195958498, 306773561, 22596172, 2, 0, 0, 0]","[1.4148061237637959e-05, 0.005954019607059539, 0.37079481473044745, 0.5804802898376707, 0.04275672397916279, 3.784421890500992e-09, 0.0, 0.0, 0.0]",1.892210945250496e-07,0.0,9.249083075672388,44.199856547638774,2.580659340310376,12.332549259943855
full_mlp_seed43_best,full_mlp,43,best,1412,3000,6,6,-12.0,75497472,9568795,21391874.760033455,8192,936,25427968,554670,936,0,0,123,1,512,512,0.12674325042300755,0.2833455769225419,0.1142578125,0.021813382807466173,0.5912187413160264,0.5968887146309594,0.07254435867071152,1.0091819763183594,"[0.05, 0.1, 0.25, 0.5, 0.75, 1, 1.5, 2, 4, 8]","[21, 75178, 15100026, 52981509, 7340736, 2, 0, 0, 0]","[2.7815500895182293e-07, 0.0009957684410942926, 0.20000704129536948, 0.7017653385798136, 0.09723154703776042, 2.6490953233506943e-08, 0.0, 0.0, 0.0]",0.0,0.0,1.3205417999997735,6.314541625790298,2.5791832031245576,12.333089112871676
full_mlp_seed43_best,full_mlp,43,best,1412,3000,6,6,-11.5,75497472,8854724,20034189.448764373,8192,767,25427968,475316,767,0,0,113,1,512,512,0.11728503968980578,0.2653623878792176,0.0936279296875,0.01869264582997745,0.6171629989681992,0.5781567264223548,0.06612840294837952,0.9922508597373962,"[0.05, 0.1, 0.25, 0.5, 0.75, 1, 1.5, 2, 4, 8]","[51, 127947, 18994276, 51004152, 5371046, 0, 0, 0, 0]","[6.755193074544271e-07, 0.0016947189966837566, 0.25158823861016166, 0.6755743026733398, 0.07114206420050727, 0.0, 0.0, 0.0, 0.0]",0.0,0.0,1.321544110774994,6.315596807748079,2.58114084135741,12.335150015132967
full_mlp_seed43_best,full_mlp,43,best,1412,3000,6,6,-11.0,75497472,8166367,18707297.50981082,8192,652,25427968,410840,652,0,0,96,0,512,512,0.1081674231423272,0.24778707172884967,0.07958984375,0.01615701262483892,0.6425188204203907,0.5596549440026679,0.05850833281874657,0.9718316197395325,"[0.05, 0.1, 0.25, 0.5, 0.75, 1, 1.5, 2, 4, 8]","[130, 208615, 23265991, 48204752, 3817984, 0, 0, 0, 0]","[1.7219119601779514e-06, 0.0027632051044040257, 0.3081691397560967, 0.6384949154324002, 0.05057101779513889, 0.0, 0.0, 0.0, 0.0]",0.0,0.0,1.3216664735227823,6.314175883308053,2.5813798310991842,12.332374772086041
full_mlp_seed43_best,full_mlp,43,best,1412,3000,6,6,-10.5,75497472,7503795,17417826.284456722,8192,554,25427968,361513,554,0,0,102,1,512,512,0.09939134120941162,0.23070741076544554,0.067626953125,0.01421714074832877,0.6671595625923586,0.5413362687125792,0.05000000074505806,0.9622301459312439,"[0.05, 0.1, 0.25, 0.5, 0.75, 1, 1.5, 2, 4, 8]","[378, 329827, 27785461, 44770910, 2610896, 0, 0, 0, 0]","[5.0067901611328125e-06, 0.004368715816073948, 0.36803167396121556, 0.5930120415157742, 0.034582561916775174, 0.0, 0.0, 0.0, 0.0]",2.6490953233506943e-08,0.0,1.3200843781232834,6.31351453345269,2.578289801022038,12.331083073149784
full_mlp_seed43_best,full_mlp,43,best,1412,3000,6,6,-10.0,75497472,6870937,16172563.564474137,8192,482,25427968,320950,482,0,0,76,1,512,512,0.09100883536868626,0.21421331252620138,0.058837890625,0.012621928736106637,0.6909555163260517,0.523146466759568,0.05000000074505806,0.9507578611373901,"[0.05, 0.1, 0.25, 0.5, 0.75, 1, 1.5, 2, 4, 8]","[870, 509021, 32408702, 40869157, 1709722, 0, 0, 0, 0]","[1.1523564656575521e-05, 0.006742225752936469, 0.4292687045203315, 0.5413314633899264, 0.02264608277214898, 0.0, 0.0, 0.0, 0.0]",1.5894571940104166e-07,0.0,1.3241627318784595,6.314014207571745,2.586255335700116,12.332058999163564
full_mlp_seed43_best,full_mlp,43,best,1412,3000,6,6,-9.5,75497472,6268798,14980267.414963463,8192,418,25427968,287708,418,0,0,85,2,512,512,0.08303321732415093,0.19842078175761255,0.051025390625,0.011314628050499355,0.7137393221489811,0.5050255494077902,0.05000000074505806,0.9390618801116943,"[0.05, 0.1, 0.25, 0.5, 0.75, 1, 1.5, 2, 4, 8]","[1962, 766210, 36987034, 36661848, 1080418, 0, 0, 0, 0]","[2.5987625122070312e-05, 0.010148816638522677, 0.48991089397006565, 0.48560365041097003, 0.014310651355319552, 0.0, 0.0, 0.0, 0.0]",3.841188218858507e-07,0.0,1.3201821986585855,6.3144655758515,2.57848085675505,12.332940577834961
full_mlp_seed43_best,full_mlp,43,best,1412,3000,6,6,-9.0,75497472,5700893,13848307.428800385,8192,365,25427968,262436,365,0,0,73,0,512,512,0.07551104492611355,0.1834274322297889,0.0445556640625,0.010320761769088273,0.735370153159087,0.4869303199590846,0.05000000074505806,0.9255540370941162,"[0.05, 0.1, 0.25, 0.5, 0.75, 1, 1.5, 2, 4, 8]","[4065, 1129796, 41417008, 32281233, 665370, 0, 0, 0, 0]","[5.384286244710287e-05, 0.014964686499701606, 0.5485880109998915, 0.4275803168614705, 0.008813142776489258, 0.0, 0.0, 0.0, 0.0]",7.549921671549479e-07,0.0,1.32090138271451,6.313547913916409,2.5798855131142773,12.331148269367986
full_mlp_seed44_best,full_mlp,44,best,1412,2600,6,6,,528482304,52934309,122677509.00495522,57344,4165,177995776,2676418,4164,1,0,676,5,512,3584,0.10016287886907184,0.23213172527524256,0.0726318359375,0.0150364129989242,0.6651047111124083,0.549071212026293,0.05000000074505806,0.9371216893196106,"[0.05, 0.1, 0.25, 0.5, 0.75, 1, 1.5, 2, 4, 8]","[16100, 2538940, 179750599, 326797124, 19379541, 0, 0, 0, 0]","[3.0464596218532985e-05, 0.004804210057334294, 0.34012605084313285, 0.6183690949091836, 0.03667017959413074, 0.0, 0.0, 0.0, 0.0]",7.549921671549479e-07,0.0,9.238864332437515,44.2047853237018,2.5778081284702887,12.333924476479297
full_mlp_seed44_best,full_mlp,44,best,1412,2600,6,6,-12.0,75497472,9568795,21396898.30363774,8192,939,25427968,554842,939,0,0,120,1,512,512,0.12674325042300755,0.2834121161518857,0.1146240234375,0.02182014701292687,0.5911227454998276,0.6052161905280653,0.05000000074505806,0.9371216893196106,"[0.05, 0.1, 0.25, 0.5, 0.75, 1, 1.5, 2, 4, 8]","[66, 77399, 12645356, 55489823, 7284828, 0, 0, 0, 0]","[8.742014567057291e-07, 0.001025186644660102, 0.16749376720852321, 0.734989153014289, 0.09649101893107097, 0.0, 0.0, 0.0, 0.0]",1.3245476616753471e-08,0.0,1.3199921632185578,6.3160967798903584,2.5781096937862458,12.336126523223356
full_mlp_seed44_best,full_mlp,44,best,1412,2600,6,6,-11.5,75497472,8854724,20043013.705760047,8192,765,25427968,475935,764,1,0,115,1,512,512,0.11728503968980578,0.2654792693689141,0.0933837890625,0.018716989104280768,0.6169943746226423,0.5866986994718396,0.05000000074505806,0.9211584329605103,"[0.05, 0.1, 0.25, 0.5, 0.75, 1, 1.5, 2, 4, 8]","[179, 118170, 16385482, 54062379, 4931262, 0, 0, 0, 0]","[2.3709403143988716e-06, 0.0015652179718017578, 0.2170335186852349, 0.716081976890564, 0.06531691551208496, 0.0, 0.0, 0.0, 0.0]",1.3245476616753471e-08,0.0,1.3205396020784974,6.315579370595515,2.5791789103095653,12.335115958194365
full_mlp_seed44_best,full_mlp,44,best,1412,2600,6,6,-11.0,75497472,8166367,18720469.36102638,8192,651,25427968,411400,651,0,0,97,0,512,512,0.1081674231423272,0.24796153917612473,0.0794677734375,0.016179035619362115,0.6422671170994104,0.5680685362661181,0.05000000074505806,0.9093533754348755,"[0.05, 0.1, 0.25, 0.5, 0.75, 1, 1.5, 2, 4, 8]","[468, 176475, 20628936, 51525329, 3166264, 0, 0, 0, 0]","[6.198883056640625e-06, 0.002337495485941569, 0.2732400894165039, 0.6824775404400296, 0.04193867577446832, 0.0, 0.0, 0.0, 0.0]",9.271833631727431e-08,0.0,1.3212519232183695,6.315473162569106,2.580570162535878,12.334908520642784
full_mlp_seed44_best,full_mlp,44,best,1412,2600,6,6,-10.5,75497472,7503795,17435654.496756636,8192,553,25427968,362342,553,0,0,103,1,512,512,0.09939134120941162,0.23094355393458255,0.0675048828125,0.014249742645578286,0.6668188800133049,0.5493158190195575,0.05000000074505806,0.8999618291854858,"[0.05, 0.1, 0.25, 0.5, 0.75, 1, 1.5, 2, 4, 8]","[1102, 263605, 25239249, 48065579, 1927937, 0, 0, 0, 0]","[1.4596515231662326e-05, 0.003491573863559299, 0.33430588245391846, 0.6366515027152168, 0.02553644445207384, 0.0, 0.0, 0.0, 0.0]",3.178914388020833e-07,0.0,1.3207609541714191,6.313725841231644,2.579611238616053,12.331495783655555
full_mlp_seed44_best,full_mlp,44,best,1412,2600,6,6,-10.0,75497472,6870937,16195083.145608103,8192,480,25427968,321016,480,0,0,78,1,512,512,0.09100883536868626,0.2145115951115304,0.05859375,0.012624524303318299,0.6905251855194139,0.5304351052772976,0.05000000074505806,0.8869107961654663,"[0.05, 0.1, 0.25, 0.5, 0.75, 1, 1.5, 2, 4, 8]","[2262, 396190, 30070389, 43910154, 1118477, 0, 0, 0, 0]","[2.9961268107096355e-05, 0.005247725380791558, 0.39829663435618085, 0.581610918045044, 0.014814760949876573, 0.0, 0.0, 0.0, 0.0]",5.165735880533854e-07,0.0,1.3199068438261747,6.314925815910101,2.5779430543479975,12.333839484199416
full_mlp_seed44_best,full_mlp,44,best,1412,2600,6,6,-9.5,75497472,6268798,15007260.895351935,8192,416,25427968,287828,416,0,0,86,1,512,512,0.08303321732415093,0.19877832327090283,0.05078125,0.01131934726361147,0.7132234987808452,0.511428721190703,0.05000000074505806,0.8821493983268738,"[0.05, 0.1, 0.25, 0.5, 0.75, 1, 1.5, 2, 4, 8]","[4295, 599392, 34973512, 39300021, 620252, 0, 0, 0, 0]","[5.6889322068956164e-05, 0.007939232720269097, 0.463240835401747, 0.5205475091934204, 0.008215533362494575, 0.0, 0.0, 0.0, 0.0]",1.2185838487413194e-06,0.0,1.3184651881456375,6.314815457910299,2.5751273205969483,12.333623941231053
full_mlp_seed44_best,full_mlp,44,best,1412,2600,6,6,-9.0,75497472,5700893,13879129.096814383,8192,361,25427968,263055,361,0,0,77,0,512,512,0.07551104492611355,0.18383567991275765,0.0440673828125,0.010345105043391591,0.7347811762514137,0.49233541243047024,0.05000000074505806,0.8762412667274475,"[0.05, 0.1, 0.25, 0.5, 0.75, 1, 1.5, 2, 4, 8]","[7728, 907709, 39807675, 34443839, 330521, 0, 0, 0, 0]","[0.00010236104329427083, 0.012023038334316678, 0.5272716283798218, 0.4562250640657213, 0.004377908176845974, 0.0, 0.0, 0.0, 0.0]",3.112687004937066e-06,0.0,1.3179476577788591,6.314168895594776,2.5741165190993343,12.332361124208546
mlp_without_residual_seed42_best,mlp_without_residual,42,best,1412,2700,5,6,,528482304,52934309,123596286.78889106,57344,4202,177995776,2709313,4202,0,0,638,4,512,3584,0.10016287886907184,0.23387024665425896,0.07327706473214286,0.015221220755261068,0.6625965549404219,0.5443013036707761,0.19101253151893616,0.9618901610374451,"[0.05, 0.1, 0.25, 0.5, 0.75, 1, 1.5, 2, 4, 8]","[0, 428041, 198118704, 312583080, 17352479, 0, 0, 0, 0]","[0.0, 0.0008099438652159676, 0.37488238016764325, 0.5914731252761114, 0.032834550691029384, 0.0, 0.0, 0.0, 0.0]",0.0,0.0,9.210340097546577,44.2016685269773,2.56984935757438,12.333054834536076
mlp_without_residual_seed42_best,mlp_without_residual,42,best,1412,2700,5,6,-12.0,75497472,9568795,21470569.7604254,8192,944,25427968,559732,944,0,0,114,0,512,512,0.12674325042300755,0.28438792971008886,0.115234375,0.02201245494724549,0.5897149441185756,0.6028432867876679,0.253153920173645,0.9618901610374451,"[0.05, 0.1, 0.25, 0.5, 0.75, 1, 1.5, 2, 4, 8]","[0, 0, 12196499, 55835146, 7465827, 0, 0, 0, 0]","[0.0, 0.0, 0.1615484423107571, 0.7395631207360162, 0.09888843695322673, 0.0, 0.0, 0.0, 0.0]",0.0,0.0,1.3169523254036903,6.31432964745909,2.5721725105540827,12.332675092693535
mlp_without_residual_seed42_best,mlp_without_residual,42,best,1412,2700,5,6,-11.5,75497472,8854724,20125551.32447306,8192,770,25427968,479384,770,0,0,111,2,512,512,0.11728503968980578,0.2665725194675798,0.093994140625,0.018852627154478094,0.615417148126846,0.5821955947227901,0.24221086502075195,0.9270536303520203,"[0.05, 0.1, 0.25, 0.5, 0.75, 1, 1.5, 2, 4, 8]","[0, 756, 17576258, 53214698, 4705760, 0, 0, 0, 0]","[0.0, 1.0013580322265625e-05, 0.23280591434902614, 0.7048540380265977, 0.06233003404405382, 0.0, 0.0, 0.0, 0.0]",0.0,0.0,1.314791826531291,6.3148007076233625,2.5679527861939277,12.33359513207688
mlp_without_residual_seed42_best,mlp_without_residual,42,best,1412,2700,5,6,-11.0,75497472,8166367,18817217.048009705,8192,657,25427968,415049,657,0,0,91,0,512,512,0.1081674231423272,0.24924300840178734,0.0802001953125,0.016322539024746296,0.6404183478024952,0.5623553996460947,0.2308259904384613,0.8953976035118103,"[0.05, 0.1, 0.25, 0.5, 0.75, 1, 1.5, 2, 4, 8]","[0, 10507, 23322193, 49450663, 2714109, 0, 0, 0, 0]","[0.0, 0.00013917022281222872, 0.30891356203291154, 0.6549976004494561, 0.03594966729482015, 0.0, 0.0, 0.0, 0.0]",0.0,0.0,1.317608442157507,6.315220087766647,2.5734539885888807,12.334414233919233
mlp_without_residual_seed42_best,mlp_without_residual,42,best,1412,2700,5,6,-10.5,75497472,7503795,17552683.863743026,8192,554,25427968,366103,554,0,0,102,1,512,512,0.09939134120941162,0.23249366367847424,0.067626953125,0.014397650649867108,0.6645825443729587,0.5431957486963225,0.2200346291065216,0.8660238981246948,"[0.05, 0.1, 0.25, 0.5, 0.75, 1, 1.5, 2, 4, 8]","[0, 35959, 28800616, 45193173, 1467724, 0, 0, 0, 0]","[0.0, 0.0004762940936618381, 0.3814778857760959, 0.5986051162083944, 0.019440703921847872, 0.0, 0.0, 0.0, 0.0]",0.0,0.0,1.3159073432907462,6.3152816807851195,2.5701315298647387,12.334534532783437
mlp_without_residual_seed42_best,mlp_without_residual,42,best,1412,2700,5,6,-10.0,75497472,6870937,16339284.096208215,8192,487,25427968,326122,487,0,0,71,1,512,512,0.09100883536868626,0.2164216054308178,0.0594482421875,0.012825326821238724,0.6877696231037312,0.5245856650704677,0.20984824001789093,0.8382579684257507,"[0.05, 0.1, 0.25, 0.5, 0.75, 1, 1.5, 2, 4, 8]","[0, 75537, 33932057, 40801820, 688058, 0, 0, 0, 0]","[0.0, 0.001000523567199707, 0.44944626755184597, 0.5404395527309842, 0.00911365614997016, 0.0, 0.0, 0.0, 0.0]",0.0,0.0,1.31511593144387,6.313713381066918,2.5685858036013087,12.331471447396325
mlp_without_residual_seed42_best,mlp_without_residual,42,best,1412,2700,5,6,-9.5,75497472,6268798,15186996.063380966,8192,421,25427968,293536,421,0,0,80,0,512,512,0.08303321732415093,0.20115900123623962,0.0513916015625,0.01154382450064433,0.7097889064863002,0.5063973032582741,0.19999408721923828,0.8126909136772156,"[0.05, 0.1, 0.25, 0.5, 0.75, 1, 1.5, 2, 4, 8]","[0, 124951, 38775725, 36346255, 250541, 0, 0, 0, 0]","[0.0, 0.0016550355487399632, 0.513602958785163, 0.481423470709059, 0.003318534957038032, 0.0, 0.0, 0.0, 0.0]",0.0,0.0,1.3156978003680706,6.314511250704527,2.569722266343888,12.333029786532279
mlp_without_residual_seed42_best,mlp_without_residual,42,best,1412,2700,5,6,-9.0,75497472,5700893,14103984.632650685,8192,369,25427968,269387,369,0,0,69,0,512,512,0.07551104492611355,0.18681399865482495,0.0450439453125,0.010594122188607441,0.7304843705720465,0.48853612751381564,0.19101253151893616,0.7905775904655457,"[0.05, 0.1, 0.25, 0.5, 0.75, 1, 1.5, 2, 4, 8]","[0, 180331, 43515356, 31741325, 60460, 0, 0, 0, 0]","[0.0, 0.0023885700437757704, 0.576381630367703, 0.4204289780722724, 0.0008008215162489149, 0.0, 0.0, 0.0, 0.0]",0.0,0.0,1.3142664283514023,6.313811771571636,2.5669266178738326,12.331663616350852
mlp_without_residual_seed43_best,mlp_without_residual,43,best,1412,2900,5,6,,528482304,52934309,123717010.08959329,57344,4206,177995776,2704315,4206,0,0,635,5,512,3584,0.10016287886907184,0.23409868060519448,0.07334681919642858,0.015193141437243995,0.6622669944122366,0.552525090239437,0.13110613822937012,0.8997049331665039,"[0.05, 0.1, 0.25, 0.5, 0.75, 1, 1.5, 2, 4, 8]","[0, 1068809, 170725810, 342133542, 14554143, 0, 0, 0, 0]","[0.0, 0.0020224120881822375, 0.3230492463187566, 0.6473888329097203, 0.02753950868334089, 0.0, 0.0, 0.0, 0.0]",0.0,0.0,9.220907932147384,44.208314936608076,2.572797972139337,12.334909301508949
mlp_without_residual_seed43_best,mlp_without_residual,43,best,1412,2900,5,6,-12.0,75497472,9568795,21461014.617451433,8192,944,25427968,557344,944,0,0,115,1,512,512,0.12674325042300755,0.2842613672872574,0.115234375,0.021918542606314432,0.5898975350983575,0.6001630303179307,0.19374588131904602,0.8997049331665039,"[0.05, 0.1, 0.25, 0.5, 0.75, 1, 1.5, 2, 4, 8]","[0, 27173, 11497973, 58311779, 5660547, 0, 0, 0, 0]","[0.0, 0.0003599193361070421, 0.15229613251156277, 0.7723673052257962, 0.07497664292653401, 0.0, 0.0, 0.0, 0.0]",0.0,0.0,1.3161843037232757,6.315934348851442,2.5706724682095228,12.335809275100473
mlp_without_residual_seed43_best,mlp_without_residual,43,best,1412,2900,5,6,-11.5,75497472,8854724,20124855.781919517,8192,768,25427968,479082,768,0,0,112,1,512,512,0.11728503968980578,0.2665633066749509,0.09375,0.018840750468145942,0.6154304393770844,0.5837603041668058,0.18180282413959503,0.877121090888977,"[0.05, 0.1, 0.25, 0.5, 0.75, 1, 1.5, 2, 4, 8]","[0, 51726, 15683140, 55896113, 3866493, 0, 0, 0, 0]","[0.0, 0.0006851355234781901, 0.20773066414727104, 0.7403706577089098, 0.05121354262034098, 0.0, 0.0, 0.0, 0.0]",0.0,0.0,1.316564534790814,6.315571554936469,2.5714151070133084,12.33510069323529
mlp_without_residual_seed43_best,mlp_without_residual,43,best,1412,2900,5,6,-11.0,75497472,8166367,18824859.40720383,8192,661,25427968,414516,661,0,0,87,0,512,512,0.1081674231423272,0.24934423509178996,0.0806884765625,0.016301577853173325,0.6402723085588228,0.5677378512389567,0.17022262513637543,0.8565544486045837,"[0.05, 0.1, 0.25, 0.5, 0.75, 1, 1.5, 2, 4, 8]","[0, 87298, 20182323, 52818111, 2409740, 0, 0, 0, 0]","[0.0, 0.0011563036176893446, 0.2673244873682658, 0.6996010541915894, 0.03191815482245551, 0.0, 0.0, 0.0, 0.0]",0.0,0.0,1.3185957437381148,6.315971887670457,2.5753823119885055,12.335882593106362
mlp_without_residual_seed43_best,mlp_without_residual,43,best,1412,2900,5,6,-10.5,75497472,7503795,17568783.14345204,8192,554,25427968,365495,554,0,0,102,1,512,512,0.09939134120941162,0.23270690631140656,0.067626953125,0.014373739970099065,0.6642749002839211,0.552035224612829,0.15996696054935455,0.8371758460998535,"[0.05, 0.1, 0.25, 0.5, 0.75, 1, 1.5, 2, 4, 8]","[0, 133871, 24623648, 49322140, 1417813, 0, 0, 0, 0]","[0.0, 0.001773185200161404, 0.3261519538031684, 0.6532952520582411, 0.01877960893842909, 0.0, 0.0, 0.0, 0.0]",0.0,0.0,1.3196623045951128,6.316006607376039,2.5774654386623297,12.335950405031326
mlp_without_residual_seed43_best,mlp_without_residual,43,best,1412,2900,5,6,-10.0,75497472,6870937,16364490.394689497,8192,486,25427968,325819,486,0,0,72,1,512,512,0.09100883536868626,0.21675547486794652,0.059326171875,0.012813410808130638,0.6872879513224812,0.5365807162986823,0.14930075407028198,0.8193592429161072,"[0.05, 0.1, 0.25, 0.5, 0.75, 1, 1.5, 2, 4, 8]","[0, 190372, 28859014, 45693851, 754235, 0, 0, 0, 0]","[0.0, 0.002521567874484592, 0.3822513951195611, 0.6052368349499173, 0.009990202056037055, 0.0, 0.0, 0.0, 0.0]",0.0,0.0,1.3174919923767447,6.315934726968408,2.5732265476108296,12.335810013610171
mlp_without_residual_seed43_best,mlp_without_residual,43,best,1412,2900,5,6,-9.5,75497472,6268798,15222288.947153334,8192,424,25427968,293167,424,0,0,78,1,512,512,0.08303321732415093,0.2016264723029843,0.0517578125,0.01152931292032458,0.7091144882965486,0.5212940808137324,0.13981842994689941,0.803043007850647,"[0.05, 0.1, 0.25, 0.5, 0.75, 1, 1.5, 2, 4, 8]","[0, 254725, 32939346, 41968144, 335257, 0, 0, 0, 0]","[0.0, 0.003373954031202528, 0.43629733721415204, 0.5558880700005425, 0.004440638754102919, 0.0, 0.0, 0.0, 0.0]",0.0,0.0,1.316317337565124,6.314522267319262,2.570932299931883,12.333051303357934
mlp_without_residual_seed43_best,mlp_without_residual,43,best,1412,2900,5,6,-9.0,75497472,5700893,14150717.797723645,8192,369,25427968,268892,369,0,0,69,0,512,512,0.07551104492611355,0.18743300170002575,0.0450439453125,0.010574655434519974,0.7295913379484402,0.506104424227122,0.13110613822937012,0.7878860235214233,"[0.05, 0.1, 0.25, 0.5, 0.75, 1, 1.5, 2, 4, 8]","[0, 323644, 36940366, 38123404, 110058, 0, 0, 0, 0]","[0.0, 0.004286819034152561, 0.489292754067315, 0.5049626562330458, 0.0014577706654866536, 0.0, 0.0, 0.0, 0.0]",0.0,0.0,1.3160917153581977,6.314373543485999,2.57049163155898,12.332760827121092
mlp_without_residual_seed44_best,mlp_without_residual,44,best,1412,2700,5,6,,528482304,52934309,123598361.22821403,57344,4201,177995776,2706848,4201,0,0,641,6,512,3584,0.10016287886907184,0.23387417193105112,0.07325962611607142,0.015207372112021354,0.6625908919630598,0.5428298441722678,0.11768802255392075,0.973210871219635,"[0.05, 0.1, 0.25, 0.5, 0.75, 1, 1.5, 2, 4, 8]","[0, 1364086, 204461499, 303991626, 18665093, 0, 0, 0, 0]","[0.0, 0.0025811384594629683, 0.38688428629012334, 0.5752162819816953, 0.035318293268718416, 0.0, 0.0, 0.0, 0.0]",0.0,0.0,9.212497054599226,44.20811515953392,2.570451187109159,12.334853560137812
mlp_without_residual_seed44_best,mlp_without_residual,44,best,1412,2700,5,6,-12.0,75497472,9568795,21464959.00322261,8192,945,25427968,557844,945,0,0,114,1,512,512,0.12674325042300755,0.284313612556757,0.1153564453125,0.021938205994281573,0.5898221611071406,0.5980852638857049,0.18779043853282928,0.973210871219635,"[0.05, 0.1, 0.25, 0.5, 0.75, 1, 1.5, 2, 4, 8]","[0, 25319, 14063696, 54216043, 7192414, 0, 0, 0, 0]","[0.0, 0.00033536222245958116, 0.18628035651312935, 0.7181173298094008, 0.09526695145501031, 0.0, 0.0, 0.0, 0.0]",0.0,0.0,1.316823098808527,6.314435822889209,2.5719201148604043,12.332882466580486
mlp_without_residual_seed44_best,mlp_without_residual,44,best,1412,2700,5,6,-11.5,75497472,8854724,20123361.46744899,8192,770,25427968,479534,770,0,0,111,2,512,512,0.11728503968980578,0.26654351376757346,0.093994140625,0.018858526170868233,0.6154589945064026,0.5794098769683347,0.17476095259189606,0.9453610181808472,"[0.05, 0.1, 0.25, 0.5, 0.75, 1, 1.5, 2, 4, 8]","[0, 55579, 19150583, 51323094, 4968216, 0, 0, 0, 0]","[0.0, 0.0007361703448825412, 0.25365859932369655, 0.6797988414764404, 0.06580638885498047, 0.0, 0.0, 0.0, 0.0]",0.0,0.0,1.3206656407564878,6.3205961007624865,2.5794250796025153,12.344914259301731
mlp_without_residual_seed44_best,mlp_without_residual,44,best,1412,2700,5,6,-11.0,75497472,8166367,18817562.0932419,8192,656,25427968,414212,656,0,0,92,0,512,512,0.1081674231423272,0.24924757869034211,0.080078125,0.016289622513289304,0.6404117542698617,0.5609580897639089,0.1634095013141632,0.918521523475647,"[0.05, 0.1, 0.25, 0.5, 0.75, 1, 1.5, 2, 4, 8]","[0, 101158, 24580895, 47705695, 3109724, 0, 0, 0, 0]","[0.0, 0.0013398859235975477, 0.32558566994137234, 0.6318846676084731, 0.04118977652655707, 0.0, 0.0, 0.0, 0.0]",0.0,0.0,1.3131408216431737,6.314105402678251,2.5647281672718236,12.33223711460596
mlp_without_residual_seed44_best,mlp_without_residual,44,best,1412,2700,5,6,-10.5,75497472,7503795,17554802.612555742,8192,555,25427968,366074,555,0,0,100,0,512,512,0.09939134120941162,0.23252172751632985,0.0677490234375,0.014396510173365013,0.6645420568132561,0.5426560322520753,0.1526174545288086,0.8943078517913818,"[0.05, 0.1, 0.25, 0.5, 0.75, 1, 1.5, 2, 4, 8]","[0, 162661, 29800636, 43736199, 1797976, 0, 0, 0, 0]","[0.0, 0.0021545224719577366, 0.39472362730238175, 0.5793068011601766, 0.023815049065483943, 0.0, 0.0, 0.0, 0.0]",0.0,0.0,1.3160821171477437,6.3146718898788095,2.570472885054187,12.33334353491955
mlp_without_residual_seed44_best,mlp_without_residual,44,best,1412,2700,5,6,-10.0,75497472,6870937,16342398.843013847,8192,485,25427968,326531,485,0,0,73,1,512,512,0.09100883536868626,0.2164628617367989,0.0592041015625,0.012841411472595845,0.6877101028356869,0.5244332750416834,0.14299510419368744,0.8702388405799866,"[0.05, 0.1, 0.25, 0.5, 0.75, 1, 1.5, 2, 4, 8]","[0, 240382, 34547473, 39745324, 964293, 0, 0, 0, 0]","[0.0, 0.003183974160088433, 0.4575977457894219, 0.5264457596672906, 0.012772520383199057, 0.0, 0.0, 0.0, 0.0]",0.0,0.0,1.3173239072784781,6.315540098585188,2.5728982564032776,12.335039255049196
mlp_without_residual_seed44_best,mlp_without_residual,44,best,1412,2700,5,6,-9.5,75497472,6268798,15189977.743528625,8192,421,25427968,293325,421,0,0,81,1,512,512,0.08303321732415093,0.20119849501091408,0.0513916015625,0.011535526550922198,0.7097319290134314,0.5062314228737913,0.13034214079380035,0.8480730652809143,"[0.05, 0.1, 0.25, 0.5, 0.75, 1, 1.5, 2, 4, 8]","[0, 334462, 39008134, 35700358, 454518, 0, 0, 0, 0]","[0.0, 0.0044301086001926, 0.5166813267601861, 0.47286825709872776, 0.006020307540893555, 0.0, 0.0, 0.0, 0.0]",0.0,0.0,1.3146349266171455,6.314725185744464,2.5676463410491124,12.333447628407157
mlp_without_residual_seed44_best,mlp_without_residual,44,best,1412,2700,5,6,-9.0,75497472,5700893,14105299.465202315,8192,369,25427968,269328,369,0,0,70,1,512,512,0.07551104492611355,0.18683141423864252,0.0450439453125,0.01059180190882732,0.7304592451956388,0.48803494842037565,0.11768802255392075,0.8292927742004395,"[0.05, 0.1, 0.25, 0.5, 0.75, 1, 1.5, 2, 4, 8]","[0, 444525, 43310082, 31564913, 177952, 0, 0, 0, 0]","[0.0, 0.005887945493062337, 0.5736626784006754, 0.4180923170513577, 0.002357059054904514, 0.0, 0.0, 0.0, 0.0]",0.0,0.0,1.3138265423476696,6.314040658995509,2.566067465522792,12.332110662100604
mlp_without_eta_seed42_best,mlp_without_eta,42,best,1412,2800,5,6,,528482304,52934309,123130671.14618652,57344,4225,177995776,2698261,4226,0,1,618,7,512,3584,0.10016287886907184,0.23298920363885356,0.07367815290178571,0.01515912939417169,0.6638676313295571,0.5358746069208158,0.06840421259403229,0.8190110325813293,"[0.05, 0.1, 0.25, 0.5, 0.75, 1, 1.5, 2, 4, 8]","[261, 1281114, 210712415, 310679438, 5809076, 0, 0, 0, 0]","[4.938670567103795e-07, 0.002424137932913644, 0.3987123379631648, 0.5878710330478729, 0.010991997188991971, 0.0, 0.0, 0.0, 0.0]",0.0,0.0,9.222719063982368,44.207632101140916,2.5733033102629372,12.334718778220122
mlp_without_eta_seed42_best,mlp_without_eta,42,best,1412,2800,5,6,-12.0,75497472,9568795,21422222.595596343,8192,946,25427968,550890,946,0,0,114,2,512,512,0.12674325042300755,0.28374754846885925,0.115478515625,0.0216647275944346,0.5906388189595759,0.5581732732745833,0.10725438594818115,0.8182854652404785,"[0.05, 0.1, 0.25, 0.5, 0.75, 1, 1.5, 2, 4, 8]","[0, 44518, 24302572, 50136983, 1013399, 0, 0, 0, 0]","[0.0, 0.0005896621280246311, 0.3218991491529677, 0.6640882359610664, 0.013422952757941352, 0.0, 0.0, 0.0, 0.0]",0.0,0.0,1.3177961455658078,6.315634120255709,2.5738205968082184,12.335222891124431
mlp_without_eta_seed42_best,mlp_without_eta,42,best,1412,2800,5,6,-11.5,75497472,8854724,20062396.73526559,8192,768,25427968,474170,768,0,0,114,3,512,512,0.11728503968980578,0.2657360068329916,0.09375,0.018647577344756767,0.6166239807564073,0.5526450480754899,0.0988851934671402,0.8185745477676392,"[0.05, 0.1, 0.25, 0.5, 0.75, 1, 1.5, 2, 4, 8]","[1, 64531, 25787413, 48654084, 991443, 0, 0, 0, 0]","[1.3245476616753471e-08, 0.0008547438515557183, 0.3415665758980645, 0.6444465319315592, 0.013132135073343912, 0.0, 0.0, 0.0, 0.0]",0.0,0.0,1.3180289482697845,6.315480882301927,2.5742752895894228,12.33492359824595
mlp_without_eta_seed42_best,mlp_without_eta,42,best,1412,2800,5,6,-11.0,75497472,8166367,18745409.652956527,8192,663,25427968,412492,664,0,1,85,0,512,512,0.1081674231423272,0.2482918852297005,0.0809326171875,0.016221980458682346,0.6417905284861394,0.5459574397980731,0.09177782386541367,0.8188484907150269,"[0.05, 0.1, 0.25, 0.5, 0.75, 1, 1.5, 2, 4, 8]","[1, 94598, 27532483, 46931034, 939356, 0, 0, 0, 0]","[1.3245476616753471e-08, 0.001252995596991645, 0.3646808597776625, 0.6216239134470621, 0.012442217932807075, 0.0, 0.0, 0.0, 0.0]",0.0,0.0,1.3171995468437672,6.315103592351079,2.5726553649292327,12.334186703810701
mlp_without_eta_seed42_best,mlp_without_eta,42,best,1412,2800,5,6,-10.5,75497472,7503795,17477900.278150998,8192,565,25427968,365278,565,0,0,90,0,512,512,0.09939134120941162,0.23150311944419805,0.0689697265625,0.014365206059721327,0.66601159762753,0.5381178916513064,0.08642659336328506,0.8189842700958252,"[0.05, 0.1, 0.25, 0.5, 0.75, 1, 1.5, 2, 4, 8]","[2, 138856, 29542692, 44953971, 861951, 0, 0, 0, 0]","[2.6490953233506943e-08, 0.0018392139010959202, 0.3913070360819499, 0.5954367717107137, 0.011416951815287272, 0.0, 0.0, 0.0, 0.0]",0.0,0.0,1.3174823531880975,6.314764555543661,2.573207721070503,12.333524522546213
mlp_without_eta_seed42_best,mlp_without_eta,42,best,1412,2800,5,6,-10.0,75497472,6870937,16266107.524329493,8192,487,25427968,326618,487,0,0,71,1,512,512,0.09100883536868626,0.215452346859104,0.0594482421875,0.012844832902102126,0.6891679676384819,0.5291481515138285,0.08190205693244934,0.8189190626144409,"[0.05, 0.1, 0.25, 0.5, 0.75, 1, 1.5, 2, 4, 8]","[10, 204474, 31836725, 42687077, 769186, 0, 0, 0, 0]","[1.3245476616753473e-07, 0.0027083555857340493, 0.4216925965415107, 0.565410680241055, 0.010188235176934136, 0.0, 0.0, 0.0, 0.0]",0.0,0.0,1.3183824643492699,6.3163573713973165,2.5749657506821677,12.336635491010384
mlp_without_eta_seed42_best,mlp_without_eta,42,best,1412,2800,5,6,-9.5,75497472,6268798,15117735.132497123,8192,424,25427968,295726,424,0,0,78,1,512,512,0.08303321732415093,0.2002416071957631,0.0517578125,0.0116299501399404,0.7111124263190368,0.5190840304702801,0.07466904819011688,0.8189948797225952,"[0.05, 0.1, 0.25, 0.5, 0.75, 1, 1.5, 2, 4, 8]","[51, 299317, 34423920, 40106611, 667573, 0, 0, 0, 0]","[6.755193074544271e-07, 0.003964596324496799, 0.4559612274169922, 0.5312311781777276, 0.008842322561475966, 0.0, 0.0, 0.0, 0.0]",0.0,0.0,1.3168811788782477,6.315018449909985,2.5720335524965776,12.33402040998044
mlp_without_eta_seed42_best,mlp_without_eta,42,best,1412,2800,5,6,-9.0,75497472,5700893,14038899.227390436,8192,372,25427968,273087,372,0,0,66,0,512,512,0.07551104492611355,0.18595191144135842,0.04541015625,0.010739631259564272,0.7317280995197285,0.5079964136621495,0.06840421259403229,0.8190110325813293,"[0.05, 0.1, 0.25, 0.5, 0.75, 1, 1.5, 2, 4, 8]","[196, 434820, 37286610, 37209678, 566168, 0, 0, 0, 0]","[2.5961134168836806e-06, 0.005759398142496745, 0.49387892087300617, 0.4928599198659261, 0.00749916500515408, 0.0, 0.0, 0.0, 0.0]",0.0,0.0,1.316948426887393,6.315273129381239,2.5721648962644394,12.334517830822733
mlp_without_eta_seed43_best,mlp_without_eta,43,best,1412,3000,5,6,,528482304,52934309,123194629.4640904,57344,4240,177995776,2712750,4241,0,1,604,8,512,3584,0.10016287886907184,0.23311022626803113,0.07393973214285714,0.0152405302022448,0.6636930325826074,0.538149499563838,0.050440944731235504,0.9222806692123413,"[0.05, 0.1, 0.25, 0.5, 0.75, 1, 1.5, 2, 4, 8]","[1404, 1851601, 205981008, 305354772, 15293519, 0, 0, 0, 0]","[2.6566641671316963e-06, 0.0035036196784367637, 0.38975951785133, 0.5777956417628697, 0.028938564043196422, 0.0, 0.0, 0.0, 0.0]",0.0,0.0,9.203003786504269,44.19987903162837,2.5678023957880214,12.332555533378452
mlp_without_eta_seed43_best,mlp_without_eta,43,best,1412,3000,5,6,-12.0,75497472,9568795,21425440.7907569,8192,948,25427968,552818,948,0,0,112,2,512,512,0.12674325042300755,0.28379017499760656,0.11572265625,0.02174054961843589,0.590577321877942,0.5630964785513412,0.0929059311747551,0.9031421542167664,"[0.05, 0.1, 0.25, 0.5, 0.75, 1, 1.5, 2, 4, 8]","[1, 51165, 22722530, 50078865, 2644911, 0, 0, 0, 0]","[1.3245476616753471e-08, 0.0006777048110961914, 0.30097073978847927, 0.6633184353510538, 0.03503310680389404, 0.0, 0.0, 0.0, 0.0]",0.0,0.0,1.314908598549664,6.314310970716178,2.5681808565423125,12.332638614680036
mlp_without_eta_seed43_best,mlp_without_eta,43,best,1412,3000,5,6,-11.5,75497472,8854724,20070161.671426482,8192,771,25427968,476373,771,0,0,111,3,512,512,0.11728503968980578,0.26583885711334126,0.0941162109375,0.01873421423213998,0.6164755991669928,0.5565268762298605,0.08432088792324066,0.9068487286567688,"[0.05, 0.1, 0.25, 0.5, 0.75, 1, 1.5, 2, 4, 8]","[2, 78171, 24637070, 48206612, 2575617, 0, 0, 0, 0]","[2.6490953233506943e-08, 0.0010354121526082356, 0.32632973459031844, 0.6385195520189073, 0.03411527474721273, 0.0, 0.0, 0.0, 0.0]",0.0,0.0,1.3145566219463944,6.315216937102377,2.5674934022390516,12.33440808027808
mlp_without_eta_seed43_best,mlp_without_eta,43,best,1412,3000,5,6,-11.0,75497472,8166367,18756185.823986083,8192,666,25427968,414434,667,0,1,82,0,512,512,0.1081674231423272,0.24843462075109063,0.081298828125,0.016298353057546715,0.6415846046572712,0.5489262405483851,0.07707692682743073,0.9162833094596863,"[0.05, 0.1, 0.25, 0.5, 0.75, 1, 1.5, 2, 4, 8]","[7, 121500, 26761693, 46171409, 2442863, 0, 0, 0, 0]","[9.271833631727431e-08, 0.0016093254089355469, 0.3544713788562351, 0.6115623182720609, 0.03235688474443224, 0.0, 0.0, 0.0, 0.0]",0.0,0.0,1.3155806567519903,6.315200136974454,2.569493470218731,12.33437526752823
mlp_without_eta_seed43_best,mlp_without_eta,43,best,1412,3000,5,6,-10.5,75497472,7503795,17490195.65375571,8192,566,25427968,367295,566,0,0,90,1,512,512,0.09939134120941162,0.23166597755426446,0.069091796875,0.014444528166780766,0.6657766430397687,0.5402697989513767,0.07151903212070465,0.9217588305473328,"[0.05, 0.1, 0.25, 0.5, 0.75, 1, 1.5, 2, 4, 8]","[26, 188956, 29081473, 43968148, 2258869, 0, 0, 0, 0]","[3.4438239203559027e-07, 0.002502812279595269, 0.3851979706022475, 0.582379076215956, 0.0299197965198093, 0.0, 0.0, 0.0, 0.0]",0.0,0.0,1.3164885733276606,6.314066779799759,2.571266744780587,12.332161679296405
mlp_without_eta_seed43_best,mlp_without_eta,43,best,1412,3000,5,6,-10.0,75497472,6870937,16278390.221425937,8192,491,25427968,329142,491,0,0,66,0,512,512,0.09100883536868626,0.21561503703628562,0.0599365234375,0.012944093684560246,0.6889332553266605,0.5305440601049151,0.0662098377943039,0.9185105562210083,"[0.05, 0.1, 0.25, 0.5, 0.75, 1, 1.5, 2, 4, 8]","[107, 292035, 31576289, 41593218, 2035823, 0, 0, 0, 0]","[1.4172659979926216e-06, 0.0038681427637736, 0.4182429975933499, 0.5509219964345297, 0.026965445942348905, 0.0, 0.0, 0.0, 0.0]",0.0,0.0,1.3159480905160308,6.3141970140859485,2.5702111142891226,12.332416043136618
mlp_without_eta_seed43_best,mlp_without_eta,43,best,1412,3000,5,6,-9.5,75497472,6268798,15128317.848982869,8192,425,25427968,297957,425,0,0,77,1,512,512,0.08303321732415093,0.20038178031951678,0.0518798828125,0.011717688177049775,0.7109101992485314,0.5197511559412793,0.05766962096095085,0.9222806692123413,"[0.05, 0.1, 0.25, 0.5, 0.75, 1, 1.5, 2, 4, 8]","[351, 446843, 34222321, 39035181, 1792776, 0, 0, 0, 0]","[4.649162292480469e-06, 0.005918648507859971, 0.4532909525765313, 0.5170395771662394, 0.023746172587076824, 0.0, 0.0, 0.0, 0.0]",0.0,0.0,1.312693434767425,6.313360581174493,2.563854364780127,12.330782385106431
mlp_without_eta_seed43_best,mlp_without_eta,43,best,1412,3000,5,6,-9.0,75497472,5700893,14045937.453756431,8192,373,25427968,274731,373,0,0,66,1,512,512,0.07551104492611355,0.1860451361041126,0.0455322265625,0.010804284479200225,0.7315936047610845,0.5079318866197083,0.050440944731235504,0.9220871329307556,"[0.05, 0.1, 0.25, 0.5, 0.75, 1, 1.5, 2, 4, 8]","[910, 672931, 36979632, 36301339, 1542660, 0, 0, 0, 0]","[1.205338372124566e-05, 0.00891329182518853, 0.48981285095214844, 0.48082853688134086, 0.02043326695760091, 0.0, 0.0, 0.0, 0.0]",0.0,0.0,1.3128278106451035,6.31352661177516,2.5641168176662177,12.331106663623359
mlp_without_eta_seed44_best,mlp_without_eta,44,best,1412,2600,5,6,,528482304,52934309,123240047.53589664,57344,4225,177995776,2709602,4225,0,0,620,9,512,3584,0.10016287886907184,0.23319616684061506,0.07367815290178571,0.01522284438929607,0.6635690465447293,0.5418689754337475,0.06973353028297424,0.8263259530067444,"[0.05, 0.1, 0.25, 0.5, 0.75, 1, 1.5, 2, 4, 8]","[107, 1013642, 198630790, 320558159, 8279606, 0, 0, 0, 0]","[2.0246657114180307e-07, 0.0019180244869656032, 0.37585135490175275, 0.6065636570491488, 0.015666761095561678, 0.0, 0.0, 0.0, 0.0]",0.0,0.0,9.224562883377075,44.2107367515564,2.5738177687994073,12.335585031126227
mlp_without_eta_seed44_best,mlp_without_eta,44,best,1412,2600,5,6,-12.0,75497472,9568795,21417151.625082005,8192,946,25427968,552246,946,0,0,114,2,512,512,0.12674325042300755,0.28368038104748733,0.115478515625,0.02171805470260148,0.5907357210652986,0.5638180546275326,0.11522246152162552,0.8260981440544128,"[0.05, 0.1, 0.25, 0.5, 0.75, 1, 1.5, 2, 4, 8]","[0, 28917, 22400069, 51682523, 1385963, 0, 0, 0, 0]","[0.0, 0.00038301944732666016, 0.2966995901531643, 0.6845596498913236, 0.01835774050818549, 0.0, 0.0, 0.0, 0.0]",0.0,0.0,1.3182240696623921,6.315734010189772,2.5746563860593596,12.335417988651898
mlp_without_eta_seed44_best,mlp_without_eta,44,best,1412,2600,5,6,-11.5,75497472,8854724,20063019.447174627,8192,767,25427968,475660,767,0,0,115,3,512,512,0.11728503968980578,0.2657442549490217,0.0936279296875,0.01870617424089884,0.616612081240314,0.5586642339409462,0.10559523105621338,0.8261740803718567,"[0.05, 0.1, 0.25, 0.5, 0.75, 1, 1.5, 2, 4, 8]","[0, 42551, 23884071, 50182664, 1388186, 0, 0, 0, 0]","[0.0, 0.000563608275519477, 0.3163559039433797, 0.6646933025783963, 0.018387185202704534, 0.0, 0.0, 0.0, 0.0]",0.0,0.0,1.3186362544074655,6.316599325276911,2.575461434389581,12.337108057181467
mlp_without_eta_seed44_best,mlp_without_eta,44,best,1412,2600,5,6,-11.0,75497472,8166367,18752717.632215336,8192,661,25427968,414171,661,0,0,87,0,512,512,0.1081674231423272,0.24838868289808877,0.0806884765625,0.016288010115476,0.6416508789699861,0.5522005866016166,0.09776485711336136,0.8259737491607666,"[0.05, 0.1, 0.25, 0.5, 0.75, 1, 1.5, 2, 4, 8]","[1, 64710, 25679209, 48414365, 1339187, 0, 0, 0, 0]","[1.3245476616753471e-08, 0.0008571147918701172, 0.3401333623462253, 0.6412713395224677, 0.017738170093960233, 0.0, 0.0, 0.0, 0.0]",0.0,0.0,1.3185329716652632,6.3159336959943175,2.575259710283717,12.335807999988901
mlp_without_eta_seed44_best,mlp_without_eta,44,best,1412,2600,5,6,-10.5,75497472,7503795,17492616.245626096,8192,563,25427968,366559,563,0,0,92,0,512,512,0.09939134120941162,0.23169803944728237,0.0687255859375,0.014415583659693138,0.6657303875057103,0.5444262504775756,0.09235678613185883,0.8262730836868286,"[0.05, 0.1, 0.25, 0.5, 0.75, 1, 1.5, 2, 4, 8]","[1, 100270, 27779600, 46372463, 1245138, 0, 0, 0, 0]","[1.3245476616753471e-08, 0.0013281239403618707, 0.36795404222276473, 0.6142253743277656, 0.016492446263631184, 0.0, 0.0, 0.0, 0.0]",0.0,0.0,1.3170542605221272,6.316029457375407,2.5723716025822796,12.335995033936342
mlp_without_eta_seed44_best,mlp_without_eta,44,best,1412,2600,5,6,-10.0,75497472,6870937,16288684.424055835,8192,490,25427968,328690,490,0,0,68,1,512,512,0.09100883536868626,0.21575138865650806,0.059814453125,0.012926317981837951,0.6887365415203485,0.5353593852418741,0.08746854960918427,0.8261545300483704,"[0.05, 0.1, 0.25, 0.5, 0.75, 1, 1.5, 2, 4, 8]","[2, 156981, 30181379, 44039345, 1119765, 0, 0, 0, 0]","[2.6490953233506943e-08, 0.0020792881647745767, 0.3997667498058743, 0.583322114414639, 0.014831821123758951, 0.0, 0.0, 0.0, 0.0]",0.0,0.0,1.3185474006459117,6.314835767261684,2.5752878918865463,12.333663607932976
mlp_without_eta_seed44_best,mlp_without_eta,44,best,1412,2600,5,6,-9.5,75497472,6268798,15148358.621321786,8192,425,25427968,297671,425,0,0,78,2,512,512,0.08303321732415093,0.20064722990091358,0.0518798828125,0.011706440719132571,0.7105272364538442,0.5250429050893944,0.07785649597644806,0.8256612420082092,"[0.05, 0.1, 0.25, 0.5, 0.75, 1, 1.5, 2, 4, 8]","[17, 244665, 32875706, 41401453, 975631, 0, 0, 0, 0]","[2.2517310248480902e-07, 0.0032407045364379883, 0.4354543950822618, 0.5483819776111178, 0.012922697597079806, 0.0, 0.0, 0.0, 0.0]",0.0,0.0,1.3169281147420406,6.315569692291319,2.572125224105548,12.335097055256483
mlp_without_eta_seed44_best,mlp_without_eta,44,best,1412,2600,5,6,-9.0,75497472,5700893,14077499.540420957,8192,373,25427968,274605,373,0,0,66,1,512,512,0.07551104492611355,0.18646319098500352,0.0455322265625,0.010799329305432507,0.7309904790576037,0.5135714120572918,0.06973353028297424,0.8263259530067444,"[0.05, 0.1, 0.25, 0.5, 0.75, 1, 1.5, 2, 4, 8]","[86, 375548, 35830756, 38465346, 825736, 0, 0, 0, 0]","[1.1391109890407986e-06, 0.004974312252468533, 0.47459544075859916, 0.5094918409983317, 0.010937266879611544, 0.0, 0.0, 0.0, 0.0]",0.0,0.0,1.316639811731875,6.3160348031669855,2.5715621322888182,12.336005474935519
mlp_without_both_seed42_best,mlp_without_both,42,best,1412,2700,4,6,,528482304,52934309,124109577.75239635,57344,4254,177995776,2740068,4254,0,0,588,6,512,3584,0.10016287886907184,0.23484150143350183,0.07418387276785714,0.015394005754383745,0.6611953304869684,0.53385114138756,0.24546150863170624,0.7568451762199402,"[0.05, 0.1, 0.25, 0.5, 0.75, 1, 1.5, 2, 4, 8]","[0, 5, 251412694, 277034680, 34925, 0, 0, 0, 0]","[0.0, 9.46105472625248e-09, 0.4757258513617137, 0.5242080537099687, 6.608546726287358e-05, 0.0, 0.0, 0.0, 0.0]",0.0,0.0,9.211990289390087,44.202025515027344,2.5703097905664305,12.333154440576825
mlp_without_both_seed42_best,mlp_without_both,42,best,1412,2700,4,6,-12.0,75497472,9568795,21473826.307380892,8192,945,25427968,554051,945,0,0,115,2,512,512,0.12674325042300755,0.28443106422663916,0.1153564453125,0.021789039533162854,0.5896527141654575,0.5529766917180522,0.30189523100852966,0.7567309737205505,"[0.05, 0.1, 0.25, 0.5, 0.75, 1, 1.5, 2, 4, 8]","[0, 0, 31502295, 43983352, 11825, 0, 0, 0, 0]","[0.0, 0.0, 0.4172629117965698, 0.582580460442437, 0.0001566277609931098, 0.0, 0.0, 0.0, 0.0]",0.0,0.0,1.3161034910008311,6.315239291638136,2.5705146308609983,12.334451741480734
mlp_without_both_seed42_best,mlp_without_both,42,best,1412,2700,4,6,-11.5,75497472,8854724,20128846.009596825,8192,772,25427968,479039,772,0,0,110,3,512,512,0.11728503968980578,0.26661615914234615,0.09423828125,0.018839059416780768,0.6153541893844745,0.5481604107964001,0.291353702545166,0.7568451762199402,"[0.05, 0.1, 0.25, 0.5, 0.75, 1, 1.5, 2, 4, 8]","[0, 0, 32793258, 42696270, 7944, 0, 0, 0, 0]","[0.0, 0.0, 0.43436233202616376, 0.5655324459075928, 0.00010522206624348958, 0.0, 0.0, 0.0, 0.0]",0.0,0.0,1.3169234097003937,6.315186472609639,2.5721160345710814,12.334348579315701
mlp_without_both_seed42_best,mlp_without_both,42,best,1412,2700,4,6,-11.0,75497472,8166367,18834073.61207015,8192,669,25427968,417859,669,0,0,79,0,512,512,0.1081674231423272,0.24946628162688878,0.0816650390625,0.01643304726512162,0.6400962326278781,0.5424494639787072,0.2810240387916565,0.7567203640937805,"[0.05, 0.1, 0.25, 0.5, 0.75, 1, 1.5, 2, 4, 8]","[0, 0, 34117862, 41374168, 5442, 0, 0, 0, 0]","[0.0, 0.0, 0.45190734333462185, 0.5480205747816298, 7.208188374837239e-05, 0.0, 0.0, 0.0, 0.0]",0.0,0.0,1.315851922146976,6.314609312452376,2.5700232854433125,12.333221313383547
mlp_without_both_seed42_best,mlp_without_both,42,best,1412,2700,4,6,-10.5,75497472,7503795,17597654.43590012,8192,566,25427968,370791,566,0,0,89,0,512,512,0.09939134120941162,0.23308932034042304,0.069091796875,0.014582014575447003,0.6637231934606926,0.5357978746721995,0.2721398174762726,0.7567726373672485,"[0.05, 0.1, 0.25, 0.5, 0.75, 1, 1.5, 2, 4, 8]","[0, 0, 35542654, 39950995, 3823, 0, 0, 0, 0]","[0.0, 0.0, 0.4707793924543593, 0.5291699700885348, 5.0637457105848524e-05, 0.0, 0.0, 0.0, 0.0]",0.0,0.0,1.3174171335995197,6.315512427128851,2.573080339061562,12.334985209236038
mlp_without_both_seed42_best,mlp_without_both,42,best,1412,2700,4,6,-10.0,75497472,6870937,16427007.582274603,8192,497,25427968,333395,497,0,0,61,1,512,512,0.09100883536868626,0.21758354481425024,0.0606689453125,0.01311135046260873,0.6860932989174396,0.5281656738702769,0.2621949017047882,0.756761372089386,"[0.05, 0.1, 0.25, 0.5, 0.75, 1, 1.5, 2, 4, 8]","[0, 0, 37156709, 38338136, 2627, 0, 0, 0, 0]","[0.0, 0.0, 0.49215832021501327, 0.5078068839179145, 3.4795867072211375e-05, 0.0, 0.0, 0.0, 0.0]",0.0,0.0,1.315973854623735,6.314502893015742,2.5702614348119823,12.333013462921372
mlp_without_both_seed42_best,mlp_without_both,42,best,1412,2700,4,6,-9.5,75497472,6268798,15331189.78713053,8192,429,25427968,303571,429,0,0,72,0,512,512,0.08303321732415093,0.2030689158324471,0.0523681640625,0.011938468697144813,0.7070334821698303,0.519525419474507,0.2553406059741974,0.7567355036735535,"[0.05, 0.1, 0.25, 0.5, 0.75, 1, 1.5, 2, 4, 8]","[0, 0, 39041629, 36453965, 1878, 0, 0, 0, 0]","[0.0, 0.0, 0.5171249839994643, 0.4828501409954495, 2.487500508626302e-05, 0.0, 0.0, 0.0, 0.0]",0.0,0.0,1.3151192404329777,6.313386036083102,2.5685922664706595,12.330832101724809
mlp_without_both_seed42_best,mlp_without_both,42,best,1412,2700,4,6,-9.0,75497472,5700893,14316980.01804323,8192,376,25427968,281362,376,0,0,62,0,512,512,0.07551104492611355,0.1896352240515183,0.0458984375,0.011065060330420425,0.726414202683007,0.5098824552027774,0.24546150863170624,0.7567301988601685,"[0.05, 0.1, 0.25, 0.5, 0.75, 1, 1.5, 2, 4, 8]","[0, 5, 41258287, 34237794, 1386, 0, 0, 0, 0]","[0.0, 6.622738308376736e-08, 0.5464856757058038, 0.45349589983622235, 1.8358230590820312e-05, 0.0, 0.0, 0.0, 0.0]",0.0,0.0,1.314601237885654,6.313589082099497,2.567580542745418,12.33122867597558
mlp_without_both_seed43_best,mlp_without_both,43,best,1412,3000,4,6,,528482304,52934309,124059067.86431773,57344,4253,177995776,2737101,4253,0,0,589,6,512,3584,0.10016287886907184,0.2347459260704361,0.07416643415178571,0.015377336819498459,0.6613332165892947,0.5289625715061858,0.20603057742118835,0.7394756078720093,"[0.05, 0.1, 0.25, 0.5, 0.75, 1, 1.5, 2, 4, 8]","[0, 791, 250873662, 277607851, 0, 0, 0, 0, 0]","[0.0, 1.4967388576931423e-06, 0.47470588911147343, 0.5252926141496689, 0.0, 0.0, 0.0, 0.0, 0.0]",0.0,0.0,9.218373687006533,44.20649566594511,2.572090872490662,12.334401692507006
mlp_without_both_seed43_best,mlp_without_both,43,best,1412,3000,4,6,-12.0,75497472,9568795,21479237.968029216,8192,947,25427968,554126,947,0,0,113,2,512,512,0.12674325042300755,0.28450274425121436,0.1156005859375,0.021791989041357925,0.589549301749472,0.547255553679673,0.27514907717704773,0.7394756078720093,"[0.05, 0.1, 0.25, 0.5, 0.75, 1, 1.5, 2, 4, 8]","[0, 0, 30806294, 44691178, 0, 0, 0, 0, 0]","[0.0, 0.0, 0.4080440468258328, 0.5919559531741672, 0.0, 0.0, 0.0, 0.0, 0.0]",0.0,0.0,1.3184615885838866,6.315862604416907,2.5751202902029036,12.335669149251771
mlp_without_both_seed43_best,mlp_without_both,43,best,1412,3000,4,6,-11.5,75497472,8854724,20130276.623209693,8192,769,25427968,479043,769,0,0,113,3,512,512,0.11728503968980578,0.26663510830150305,0.0938720703125,0.018839216723884503,0.6153268515265298,0.5426286400185872,0.2618926465511322,0.7392301559448242,"[0.05, 0.1, 0.25, 0.5, 0.75, 1, 1.5, 2, 4, 8]","[0, 0, 32367291, 43130181, 0, 0, 0, 0, 0]","[0.0, 0.0, 0.4287201960881551, 0.5712798039118449, 0.0, 0.0, 0.0, 0.0, 0.0]",0.0,0.0,1.3149016564711928,6.314270566217601,2.5681672977952985,12.332559699643753
mlp_without_both_seed43_best,mlp_without_both,43,best,1412,3000,4,6,-11.0,75497472,8166367,18830885.723045286,8192,669,25427968,417616,669,0,0,79,0,512,512,0.1081674231423272,0.24942405651735314,0.0816650390625,0.01642349085856959,0.640157150584006,0.5371889367240043,0.2494504302740097,0.739237368106842,"[0.05, 0.1, 0.25, 0.5, 0.75, 1, 1.5, 2, 4, 8]","[0, 1, 33936010, 41561461, 0, 0, 0, 0, 0]","[0.0, 1.3245476616753471e-08, 0.449498626920912, 0.5505013598336114, 0.0, 0.0, 0.0, 0.0, 0.0]",0.0,0.0,1.317239137366414,6.315429857932031,2.5727326901687775,12.334823941273498
mlp_without_both_seed43_best,mlp_without_both,43,best,1412,3000,4,6,-10.5,75497472,7503795,17589736.549931437,8192,564,25427968,370265,564,0,0,91,0,512,512,0.09939134120941162,0.23298444416697073,0.06884765625,0.014561328691305574,0.6638744977960398,0.5308647260941753,0.2376033514738083,0.7392410039901733,"[0.05, 0.1, 0.25, 0.5, 0.75, 1, 1.5, 2, 4, 8]","[0, 7, 35568922, 39928543, 0, 0, 0, 0, 0]","[0.0, 9.271833631727431e-08, 0.47112732463412815, 0.5288725826475356, 0.0, 0.0, 0.0, 0.0, 0.0]",0.0,0.0,1.3185168439522386,6.316419135779142,2.575228210844216,12.336756124568637
mlp_without_both_seed43_best,mlp_without_both,43,best,1412,3000,4,6,-10.0,75497472,6870937,16414732.691241052,8192,497,25427968,333283,497,0,0,61,1,512,512,0.09100883536868626,0.21742095803209216,0.0606689453125,0.013106945863704091,0.6863278620617732,0.5235834718263265,0.22701714932918549,0.7392369508743286,"[0.05, 0.1, 0.25, 0.5, 0.75, 1, 1.5, 2, 4, 8]","[0, 30, 37333962, 38163480, 0, 0, 0, 0, 0]","[0.0, 3.973642985026042e-07, 0.4945061206817627, 0.5054934819539388, 0.0, 0.0, 0.0, 0.0, 0.0]",0.0,0.0,1.3183312648907304,6.316031608730555,2.5748657517397078,12.335999235801864
mlp_without_both_seed43_best,mlp_without_both,43,best,1412,3000,4,6,-9.5,75497472,6268798,15315384.808779193,8192,429,25427968,302193,429,0,0,72,0,512,512,0.08303321732415093,0.20285957136126614,0.0523681640625,0.011884276399907377,0.7073355024002406,0.5152820164435042,0.21570877730846405,0.7392380237579346,"[0.05, 0.1, 0.25, 0.5, 0.75, 1, 1.5, 2, 4, 8]","[0, 153, 39307146, 36190173, 0, 0, 0, 0, 0]","[0.0, 2.0265579223632812e-06, 0.5206418832143148, 0.4793560902277629, 0.0, 0.0, 0.0, 0.0, 0.0]",0.0,0.0,1.3137349281460047,6.313805579207838,2.5658885315351654,12.331651521890308
mlp_without_both_seed43_best,mlp_without_both,43,best,1412,3000,4,6,-9.0,75497472,5700893,14298813.500081854,8192,378,25427968,280575,378,0,0,60,0,512,512,0.07551104492611355,0.18939459986265306,0.046142578125,0.011034110157760148,0.7267613500070009,0.50593465575703,0.20603057742118835,0.739226222038269,"[0.05, 0.1, 0.25, 0.5, 0.75, 1, 1.5, 2, 4, 8]","[0, 600, 41554037, 33942835, 0, 0, 0, 0, 0]","[0.0, 7.947285970052084e-06, 0.5504030254152086, 0.44958902729882133, 0.0, 0.0, 0.0, 0.0, 0.0]",0.0,0.0,1.317188267596066,6.314676313661039,2.5726333351485664,12.333352175119217
mlp_without_both_seed44_best,mlp_without_both,44,best,1412,2700,4,6,,528482304,52934309,124094466.22177084,57344,4268,177995776,2740019,4268,0,0,576,8,512,3584,0.10016287886907184,0.23481290722985274,0.07442801339285714,0.015393730466952204,0.6612365832027712,0.5316587389581787,0.2057655304670334,0.7680804133415222,"[0.05, 0.1, 0.25, 0.5, 0.75, 1, 1.5, 2, 4, 8]","[0, 2597, 252653002, 274251945, 1574760, 0, 0, 0, 0]","[0.0, 4.914071824815538e-06, 0.47807277573479545, 0.518942532085237, 0.0029797781081426712, 0.0, 0.0, 0.0, 0.0]",0.0,0.0,9.211837706156075,44.201626379974186,2.5702672171194405,12.333043074769583
mlp_without_both_seed44_best,mlp_without_both,44,best,1412,2700,4,6,-12.0,75497472,9568795,21472955.661794003,8192,949,25427968,554815,949,0,0,112,3,512,512,0.12674325042300755,0.28441953211087656,0.1158447265625,0.021819085189976644,0.5896693514916791,0.5491719378462321,0.27073976397514343,0.7680721879005432,"[0.05, 0.1, 0.25, 0.5, 0.75, 1, 1.5, 2, 4, 8]","[0, 0, 31878509, 43342551, 276412, 0, 0, 0, 0]","[0.0, 0.0, 0.4222460455364651, 0.5740927457809448, 0.003661208682590061, 0.0, 0.0, 0.0, 0.0]",0.0,0.0,1.3166409889236093,6.315807626582682,2.5715644314914243,12.335561770669301
mlp_without_both_seed44_best,mlp_without_both,44,best,1412,2700,4,6,-11.5,75497472,8854724,20125410.940346766,8192,773,25427968,478766,773,0,0,109,3,512,512,0.11728503968980578,0.2665706600129176,0.0943603515625,0.018828323206950708,0.6154198307528658,0.5451450038572278,0.2573782205581665,0.7680792808532715,"[0.05, 0.1, 0.25, 0.5, 0.75, 1, 1.5, 2, 4, 8]","[0, 0, 33067133, 42153562, 276777, 0, 0, 0, 0]","[0.0, 0.0, 0.4379899369345771, 0.5583440197838677, 0.0036660432815551758, 0.0, 0.0, 0.0, 0.0]",0.0,0.0,1.3166992161422968,6.315173473209143,2.5716781565279234,12.334323189861607
mlp_without_both_seed44_best,mlp_without_both,44,best,1412,2700,4,6,-11.0,75497472,8166367,18829376.398600988,8192,669,25427968,417770,669,0,0,79,0,512,512,0.1081674231423272,0.24940406479571908,0.0816650390625,0.016429547182063468,0.6401859925416664,0.5400586158063406,0.2492777556180954,0.7680760622024536,"[0.05, 0.1, 0.25, 0.5, 0.75, 1, 1.5, 2, 4, 8]","[0, 2, 34332152, 40902196, 263122, 0, 0, 0, 0]","[0.0, 2.6490953233506943e-08, 0.45474571651882595, 0.5417690806918674, 0.003485176298353407, 0.0, 0.0, 0.0, 0.0]",0.0,0.0,1.3164467755705118,6.314069057814777,2.571185108536156,12.332166128544486
mlp_without_both_seed44_best,mlp_without_both,44,best,1412,2700,4,6,-10.5,75497472,7503795,17592978.849273678,8192,566,25427968,370506,566,0,0,90,1,512,512,0.09939134120941162,0.2330273899670929,0.069091796875,0.014570806444305735,0.6638125401031765,0.5338787025469186,0.23470766842365265,0.7680767774581909,"[0.05, 0.1, 0.25, 0.5, 0.75, 1, 1.5, 2, 4, 8]","[0, 37, 35718009, 39540668, 238758, 0, 0, 0, 0]","[0.0, 4.900826348198784e-07, 0.47310205300649005, 0.5237349934048123, 0.0031624635060628257, 0.0, 0.0, 0.0, 0.0]",0.0,0.0,1.3156376658007503,6.314361567609012,2.5696048160170903,12.332737436736352
mlp_without_both_seed44_best,mlp_without_both,44,best,1412,2700,4,6,-10.0,75497472,6870937,16423651.775595095,8192,499,25427968,333695,499,0,0,59,1,512,512,0.09100883536868626,0.21753909555534648,0.0609130859375,0.013123148495389014,0.6861574256428313,0.5265788133728301,0.2218577116727829,0.7680768966674805,"[0.05, 0.1, 0.25, 0.5, 0.75, 1, 1.5, 2, 4, 8]","[0, 196, 37293708, 37996023, 207545, 0, 0, 0, 0]","[0.0, 2.5961134168836806e-06, 0.4939729372660319, 0.5032754341761271, 0.0027490324444240993, 0.0, 0.0, 0.0, 0.0]",0.0,0.0,1.3147633653134108,6.315948241390288,2.5678971978777554,12.335836408965406
mlp_without_both_seed44_best,mlp_without_both,44,best,1412,2700,4,6,-9.5,75497472,6268798,15330329.045868566,8192,433,25427968,303711,433,0,0,68,0,512,512,0.08303321732415093,0.20305751490418866,0.0528564453125,0.011943974445775612,0.7070499302324902,0.5181498888607255,0.21392256021499634,0.7680804133415222,"[0.05, 0.1, 0.25, 0.5, 0.75, 1, 1.5, 2, 4, 8]","[0, 644, 39120134, 36203530, 173164, 0, 0, 0, 0]","[0.0, 8.530086941189236e-06, 0.5181648201412625, 0.47953301005893284, 0.0022936397128634984, 0.0, 0.0, 0.0, 0.0]",0.0,0.0,1.315942115150392,6.312944045290351,2.5701994436531095,12.329968838457717
mlp_without_both_seed44_best,mlp_without_both,44,best,1412,2700,4,6,-9.0,75497472,5700893,14319763.550291743,8192,379,25427968,280756,379,0,0,59,0,512,512,0.07551104492611355,0.18967209326282797,0.0462646484375,0.011041228304204252,0.7263610116546891,0.5086282104169766,0.2057655304670334,0.7680746912956238,"[0.05, 0.1, 0.25, 0.5, 0.75, 1, 1.5, 2, 4, 8]","[0, 1718, 41243357, 34113415, 138982, 0, 0, 0, 0]","[0.0, 2.2755728827582465e-05, 0.5462879207399156, 0.45184844070010716, 0.0018408828311496312, 0.0, 0.0, 0.0, 0.0]",0.0,0.0,1.315707579255104,6.313322368077934,2.569741365732625,12.330707750152214
affine_all_features_seed42_best,affine_all_features,42,best,28,2900,6,6,,528482304,52934309,124113802.43338954,57344,4307,177995776,2757166,4307,0,0,537,8,512,3584,0.10016287886907184,0.23484949542111735,0.07510811941964286,0.015490064213658642,0.6611837976006787,0.5594122362889858,0.1195138618350029,1.1507678031921387,"[0.05, 0.1, 0.25, 0.5, 0.75, 1, 1.5, 2, 4, 8]","[0, 107032, 137295439, 380051922, 11024399, 3512, 0, 0, 0]","[0.0, 0.0002025271218920511, 0.2597919324087718, 0.7191384065718878, 0.020860488452608624, 6.645444839719742e-06, 0.0, 0.0, 0.0]",0.0,0.0,6.101497061550617,44.188768283464015,1.7024266354772928,12.32945543623438
affine_all_features_seed42_best,affine_all_features,42,best,28,2900,6,6,-12.0,75497472,9568795,21542996.16161775,8192,959,25427968,566974,959,0,0,100,1,512,512,0.12674325042300755,0.2853472519135177,0.1170654296875,0.022297259458561532,0.5883309347330743,0.6000197474146317,0.15777310729026794,1.1507678031921387,"[0.05, 0.1, 0.25, 0.5, 0.75, 1, 1.5, 2, 4, 8]","[0, 3321, 9811843, 62085281, 3595530, 1497, 0, 0, 0]","[0.0, 4.398822784423828e-05, 0.12996253702375624, 0.8223491377300687, 0.04762450853983561, 1.982847849527995e-05, 0.0, 0.0, 0.0]",0.0,0.0,0.8724824404343963,6.312408311292529,1.7040672664734302,12.328922482993221
affine_all_features_seed42_best,affine_all_features,42,best,28,2900,6,6,-11.5,75497472,8854724,20205399.060816515,8192,789,25427968,487610,789,0,0,93,3,512,512,0.11728503968980578,0.2676301407922177,0.0963134765625,0.019176129213313468,0.6138913230866525,0.5866322306888563,0.15322589874267578,1.1334843635559082,"[0.05, 0.1, 0.25, 0.5, 0.75, 1, 1.5, 2, 4, 8]","[0, 5111, 12153235, 60806304, 2532006, 816, 0, 0, 0]","[0.0, 6.7697630988227e-05, 0.1609753900104099, 0.8054084777832031, 0.03353762626647949, 1.0808308919270834e-05, 0.0, 0.0, 0.0]",0.0,0.0,0.8749768938869238,6.3140574069693685,1.708939245872898,12.332143372987048
affine_all_features_seed42_best,affine_all_features,42,best,28,2900,6,6,-11.0,75497472,8166367,18900178.30933634,8192,678,25427968,421463,678,0,0,70,0,512,512,0.1081674231423272,0.25034186984878565,0.082763671875,0.016574780965588756,0.6388330258422866,0.5730911263157447,0.149109348654747,1.1189488172531128,"[0.05, 0.1, 0.25, 0.5, 0.75, 1, 1.5, 2, 4, 8]","[0, 7580, 15080540, 58643340, 1765548, 464, 0, 0, 0]","[0.0, 0.00010040071275499131, 0.1997489399380154, 0.7767589886983236, 0.02338552474975586, 6.145901150173611e-06, 0.0, 0.0, 0.0]",0.0,0.0,0.8695194320753217,6.31166428886354,1.6982801407721126,12.327469314186601
affine_all_features_seed42_best,affine_all_features,42,best,28,2900,6,6,-10.5,75497472,7503795,17634781.657448314,8192,572,25427968,372754,572,0,0,83,0,512,512,0.09939134120941162,0.2335810880852847,0.06982421875,0.014659213036605992,0.6630137225739117,0.5594616563157199,0.14145205914974213,1.102092981338501,"[0.05, 0.1, 0.25, 0.5, 0.75, 1, 1.5, 2, 4, 8]","[0, 11209, 18602485, 55656761, 1226726, 291, 0, 0, 0]","[0.0, 0.00014846854739718966, 0.2463987800810072, 0.7372003263897366, 0.01624857054816352, 3.854433695475261e-06, 0.0, 0.0, 0.0]",0.0,0.0,0.871597645804286,6.313416411168873,1.702339151961496,12.330891428064206
affine_all_features_seed42_best,affine_all_features,42,best,28,2900,6,6,-10.0,75497472,6870937,16416497.750057314,8192,499,25427968,332248,499,0,0,59,1,512,512,0.09100883536868626,0.21744433707737013,0.0609130859375,0.013066242650612113,0.6862941332290899,0.5458111790756784,0.13405102491378784,1.0938630104064941,"[0.05, 0.1, 0.25, 0.5, 0.75, 1, 1.5, 2, 4, 8]","[0, 16414, 22660494, 51962331, 858039, 194, 0, 0, 0]","[0.0, 0.0002174112531873915, 0.30014904340108234, 0.688265840212504, 0.011365135510762533, 2.569622463650174e-06, 0.0, 0.0, 0.0]",0.0,0.0,0.8728985758498311,6.312923685647547,1.7048800309567014,12.329929073530366
affine_all_features_seed42_best,affine_all_features,42,best,28,2900,6,6,-9.5,75497472,6268798,15255104.787820552,8192,435,25427968,300487,435,0,0,69,3,512,512,0.08303321732415093,0.20206113375320106,0.0531005859375,0.011817184920163499,0.7084874043778553,0.5321981840048513,0.12752027809619904,1.0835094451904297,"[0.05, 0.1, 0.25, 0.5, 0.75, 1, 1.5, 2, 4, 8]","[0, 24846, 27135826, 47729067, 607593, 140, 0, 0, 0]","[0.0, 0.00032909711201985675, 0.35942694875929093, 0.6321942408879598, 0.008047858874003092, 1.854366726345486e-06, 0.0, 0.0, 0.0]",0.0,0.0,0.8699689339846373,6.312121056951582,1.6991580741887446,12.32836143935856
affine_all_features_seed42_best,affine_all_features,42,best,28,2900,6,6,-9.0,75497472,5700893,14158844.706292761,8192,375,25427968,275630,375,0,0,63,0,512,512,0.07551104492611355,0.18754064647744445,0.0457763671875,0.010839639250765141,0.7294360393618806,0.5186715302074185,0.1195138618350029,1.0809909105300903,"[0.05, 0.1, 0.25, 0.5, 0.75, 1, 1.5, 2, 4, 8]","[0, 38551, 31851016, 43168838, 438957, 110, 0, 0, 0]","[0.0, 0.0005106263690524631, 0.42188188764784074, 0.5717918343014188, 0.005814194679260254, 1.4570024278428819e-06, 0.0, 0.0, 0.0]",0.0,0.0,0.8700531395152211,6.312177122570574,1.6993225381156662,12.328470942520653
affine_all_features_seed43_best,affine_all_features,43,best,28,3000,6,6,,528482304,52934309,124162110.7947367,57344,4302,177995776,2760743,4302,0,0,542,8,512,3584,0.10016287886907184,0.23494090503120554,0.07502092633928571,0.01551016019616106,0.6610519214095149,0.5618900328416718,0.1331811100244522,1.1142393350601196,"[0.05, 0.1, 0.25, 0.5, 0.75, 1, 1.5, 2, 4, 8]","[0, 81146, 125264775, 394646012, 8489737, 634, 0, 0, 0]","[0.0, 0.00015354534936329675, 0.2370273783093407, 0.7467535034058586, 0.01606437327369811, 1.1996617392888145e-06, 0.0, 0.0, 0.0]",0.0,0.0,6.051806250587106,44.18271658010781,1.688562011882563,12.327766902931867
affine_all_features_seed43_best,affine_all_features,43,best,28,3000,6,6,-12.0,75497472,9568795,21540797.596292425,8192,960,25427968,567447,960,0,0,99,1,512,512,0.12674325042300755,0.2853181308679107,0.1171875,0.022315861023578448,0.588372947521157,0.603248178376367,0.17095144093036652,1.1142393350601196,"[0.05, 0.1, 0.25, 0.5, 0.75, 1, 1.5, 2, 4, 8]","[0, 2494, 8203703, 64259771, 3031190, 314, 0, 0, 0]","[0.0, 3.303421868218316e-05, 0.1086619562572903, 0.8511512941784329, 0.040149556265936956, 4.15907965766059e-06, 0.0, 0.0, 0.0]",0.0,0.0,0.8647962221875787,6.311552930623293,1.6890551214601146,12.327251817623619
affine_all_features_seed43_best,affine_all_features,43,best,28,3000,6,6,-11.5,75497472,8854724,20205685.940194312,8192,787,25427968,488366,787,0,0,95,3,512,512,0.11728503968980578,0.2676339406463082,0.0960693359375,0.01920586025591978,0.613885841056,0.5896284879174889,0.1661604344844818,1.1011948585510254,"[0.05, 0.1, 0.25, 0.5, 0.75, 1, 1.5, 2, 4, 8]","[0, 3986, 10347153, 63119644, 2026531, 158, 0, 0, 0]","[0.0, 5.279646979437934e-05, 0.13705297311147055, 0.8360497686598036, 0.026842368973626032, 2.092785305447049e-06, 0.0, 0.0, 0.0]",0.0,0.0,0.8642870783805847,6.311332415789366,1.6880606999620795,12.326821124588605
affine_all_features_seed43_best,affine_all_features,43,best,28,3000,6,6,-11.0,75497472,8166367,18903271.770954315,8192,679,25427968,421682,679,0,0,69,0,512,512,0.1081674231423272,0.2503828442223114,0.0828857421875,0.016583393529518365,0.6387739123167975,0.5758448928918976,0.16118571162223816,1.0864249467849731,"[0.05, 0.1, 0.25, 0.5, 0.75, 1, 1.5, 2, 4, 8]","[0, 6093, 13148489, 61007189, 1335618, 83, 0, 0, 0]","[0.0, 8.07046890258789e-05, 0.17415800359514025, 0.8080692953533597, 0.01769089698791504, 1.099374559190538e-06, 0.0, 0.0, 0.0]",0.0,0.0,0.8647629786282778,6.312163930386305,1.688990192633355,12.328445176535752
affine_all_features_seed43_best,affine_all_features,43,best,28,3000,6,6,-10.5,75497472,7503795,17641013.876752295,8192,569,25427968,373417,569,0,0,86,0,512,512,0.09939134120941162,0.23366363680034605,0.0694580078125,0.01468528668905042,0.6628946299520608,0.5619622839815679,0.15301644802093506,1.069145679473877,"[0.05, 0.1, 0.25, 0.5, 0.75, 1, 1.5, 2, 4, 8]","[0, 9068, 16649986, 57962175, 876200, 43, 0, 0, 0]","[0.0, 0.00012010998196072048, 0.22053700023227268, 0.7677366336186727, 0.011605686611599393, 5.695554945203993e-07, 0.0, 0.0, 0.0]",0.0,0.0,0.865770123898983,6.3125885762274265,1.6909572732402012,12.329274562944192
affine_all_features_seed43_best,affine_all_features,43,best,28,3000,6,6,-10.0,75497472,6870937,16426186.828040024,8192,498,25427968,333023,498,0,0,60,1,512,512,0.09100883536868626,0.21757267353322804,0.060791015625,0.013096720901961179,0.6861089828606585,0.548047274821728,0.14572864770889282,1.0490068197250366,"[0.05, 0.1, 0.25, 0.5, 0.75, 1, 1.5, 2, 4, 8]","[0, 12972, 20813682, 54094141, 576659, 18, 0, 0, 0]","[0.0, 0.00017182032267252603, 0.27568713823954266, 0.7165026797188653, 0.00763812330034044, 2.384185791015625e-07, 0.0, 0.0, 0.0]",0.0,0.0,0.865242469124496,6.31211013533175,1.6899266975087812,12.328340108069824
affine_all_features_seed43_best,affine_all_features,43,best,28,3000,6,6,-9.5,75497472,6268798,15268613.948081559,8192,433,25427968,300651,433,0,0,71,3,512,512,0.08303321732415093,0.2022400690195502,0.0528564453125,0.011823634511416721,0.7082292553564533,0.534157642103337,0.13981056213378906,1.0305914878845215,"[0.05, 0.1, 0.25, 0.5, 0.75, 1, 1.5, 2, 4, 8]","[0, 18766, 25518254, 49577067, 383373, 12, 0, 0, 0]","[0.0, 0.0002485646141899957, 0.33800143665737575, 0.6566718816757202, 0.005077958106994629, 1.5894571940104166e-07, 0.0, 0.0, 0.0]",0.0,0.0,0.8625588547438383,6.3108775010332465,1.6846852631715592,12.32593261920556
affine_all_features_seed43_best,affine_all_features,43,best,28,3000,6,6,-9.0,75497472,5700893,14176540.834421769,8192,376,25427968,276157,376,0,0,62,0,512,512,0.07551104492611355,0.1877750401287843,0.0458984375,0.010860364461682507,0.7290978808034768,0.5203414697993158,0.1331811100244522,1.0314265489578247,"[0.05, 0.1, 0.25, 0.5, 0.75, 1, 1.5, 2, 4, 8]","[0, 27767, 30583508, 44626025, 260166, 6, 0, 0, 0]","[0.0, 0.00036778714921739366, 0.40509314007229275, 0.5910929706361558, 0.0034460226694742837, 7.947285970052083e-08, 0.0, 0.0, 0.0]",0.0,0.0,0.8643885236233473,6.312091090716422,1.6882588352018502,12.328302911555511
affine_all_features_seed44_best,affine_all_features,44,best,28,2900,6,6,,528482304,52934309,124126785.27947573,57344,4308,177995776,2755701,4308,0,0,536,8,512,3584,0.10016287886907184,0.23487406170458214,0.07512555803571429,0.015481833681266684,0.6611483559453509,0.5593973081694077,0.1190868392586708,1.1129727363586426,"[0.05, 0.1, 0.25, 0.5, 0.75, 1, 1.5, 2, 4, 8]","[0, 148648, 131876945, 387606404, 8849092, 1215, 0, 0, 0]","[0.0, 0.00028127337258959575, 0.24953899875519767, 0.7334330800979857, 0.016744348737928603, 2.2990362984793526e-06, 0.0, 0.0, 0.0]",0.0,0.0,6.063006273470819,44.186423304490745,1.6916870182675277,12.328801145226212
affine_all_features_seed44_best,affine_all_features,44,best,28,2900,6,6,-12.0,75497472,9568795,21538617.335630566,8192,958,25427968,566539,958,0,0,101,1,512,512,0.12674325042300755,0.28528925227629565,0.116943359375,0.022280152311030123,0.5884146105220678,0.5964133887409128,0.15281923115253448,1.1129727363586426,"[0.05, 0.1, 0.25, 0.5, 0.75, 1, 1.5, 2, 4, 8]","[0, 7333, 10040596, 62526334, 2922661, 548, 0, 0, 0]","[0.0, 9.712908003065322e-05, 0.13299247953626844, 0.8281910949283176, 0.03871203793419732, 7.258521185980902e-06, 0.0, 0.0, 0.0]",0.0,0.0,0.8649386363103986,6.311718175187707,1.6893332740437472,12.32757456091349
affine_all_features_seed44_best,affine_all_features,44,best,28,2900,6,6,-11.5,75497472,8854724,20201641.491821237,8192,791,25427968,487225,791,0,0,91,3,512,512,0.11728503968980578,0.26758036999995494,0.0965576171875,0.01916098840457877,0.6139631271618311,0.5844457690209608,0.14905108511447906,1.0984071493148804,"[0.05, 0.1, 0.25, 0.5, 0.75, 1, 1.5, 2, 4, 8]","[0, 10187, 12026160, 61415533, 2045305, 287, 0, 0, 0]","[0.0, 0.00013493167029486762, 0.15929222106933594, 0.8134780062569512, 0.027091039551628962, 3.8014517890082466e-06, 0.0, 0.0, 0.0]",0.0,0.0,0.8655826728790998,6.3123799515888095,1.6905911579669919,12.328867092946894
affine_all_features_seed44_best,affine_all_features,44,best,28,2900,6,6,-11.0,75497472,8166367,18897792.698586848,8192,678,25427968,421612,678,0,0,70,0,512,512,0.1081674231423272,0.2503102712973866,0.082763671875,0.016580640655202965,0.6388786129156894,0.5721892974837695,0.14314723014831543,1.0813395977020264,"[0.05, 0.1, 0.25, 0.5, 0.75, 1, 1.5, 2, 4, 8]","[0, 13678, 14581148, 59487912, 1414574, 160, 0, 0, 0]","[0.0, 0.000181171629163954, 0.19313425487942165, 0.7879457473754883, 0.018736706839667425, 2.1192762586805556e-06, 0.0, 0.0, 0.0]",0.0,0.0,0.8669541608542204,6.312573038972914,1.6932698454183992,12.329244216743973
affine_all_features_seed44_best,affine_all_features,44,best,28,2900,6,6,-10.5,75497472,7503795,17634662.00105267,8192,572,25427968,372714,572,0,0,83,0,512,512,0.09939134120941162,0.23357950317929413,0.06982421875,0.014657639965568622,0.6630160091099244,0.5597101706406102,0.1359635442495346,1.06798255443573,"[0.05, 0.1, 0.25, 0.5, 0.75, 1, 1.5, 2, 4, 8]","[0, 18200, 17743285, 56759841, 976054, 92, 0, 0, 0]","[0.0, 0.0002410676744249132, 0.23501826657189262, 0.751811146736145, 0.012928300433688693, 1.2185838487413194e-06, 0.0, 0.0, 0.0]",0.0,0.0,0.8654980212450027,6.311454940587282,1.690425822744146,12.327060430834536
affine_all_features_seed44_best,affine_all_features,44,best,28,2900,6,6,-10.0,75497472,6870937,16419644.867335696,8192,499,25427968,332072,499,0,0,59,1,512,512,0.09100883536868626,0.21748602214569113,0.0609130859375,0.01305932113804768,0.6862339943877441,0.547077554873058,0.12958985567092896,1.0564764738082886,"[0.05, 0.1, 0.25, 0.5, 0.75, 1, 1.5, 2, 4, 8]","[0, 23966, 21483504, 53313552, 676394, 56, 0, 0, 0]","[0.0, 0.0003174410925971137, 0.2845592498779297, 0.7061634063720703, 0.008959160910712348, 7.417466905381945e-07, 0.0, 0.0, 0.0]",0.0,0.0,0.8656843611970544,6.3119702860713005,1.6907897679629968,12.328066964983009
affine_all_features_seed44_best,affine_all_features,44,best,28,2900,6,6,-9.5,75497472,6268798,15262602.318157574,8192,436,25427968,300359,436,0,0,68,3,512,512,0.08303321732415093,0.20216044211596348,0.05322265625,0.011812151092843911,0.7083441326953792,0.5343533231337918,0.12445633858442307,1.0464375019073486,"[0.05, 0.1, 0.25, 0.5, 0.75, 1, 1.5, 2, 4, 8]","[0, 32000, 25716810, 49273848, 474770, 44, 0, 0, 0]","[0.0, 0.0004238552517361111, 0.3406314055124919, 0.6526556015014648, 0.006288554933336046, 5.828009711371528e-07, 0.0, 0.0, 0.0]",0.0,0.0,0.8668199675157666,6.312937361188233,1.6930077490542317,12.329955783570767
affine_all_features_seed44_best,affine_all_features,44,best,28,2900,6,6,-9.0,75497472,5700893,14171824.566891145,8192,374,25427968,275180,374,0,0,64,0,512,512,0.07551104492611355,0.18771257091748905,0.045654296875,0.010821942201594716,0.7291880048248207,0.5215916532927507,0.1190868392586708,1.0366122722625732,"[0.05, 0.1, 0.25, 0.5, 0.75, 1, 1.5, 2, 4, 8]","[0, 43284, 30285442, 44829384, 339334, 28, 0, 0, 0]","[0.0, 0.0005733172098795573, 0.4011451138390435, 0.5937865575154623, 0.004494640562269423, 3.7087334526909723e-07, 0.0, 0.0, 0.0]",0.0,0.0,0.8675284534692764,6.313389550894499,1.6943915106821805,12.330838966590818
frozen_reference_seed42,frozen_reference,42,frozen_best,1412,1000,6,6,,528482304,52934309,123464186.4337609,57344,4276,177995776,2714065,4276,0,0,569,9,512,3584,0.10016287886907184,0.23362028491641018,0.07456752232142858,0.015247918018009596,0.6629571735000284,0.5435045852935372,0.05000000074505806,0.91215980052948,"[0.05, 0.1, 0.25, 0.5, 0.75, 1, 1.5, 2, 4, 8]","[8445, 3008372, 166776078, 352178192, 6511217, 0, 0, 0, 0]","[1.5979721432640438e-05, 0.005692474425785125, 0.3155755201975505, 0.6663954295809307, 0.0123205960743011, 0.0, 0.0, 0.0, 0.0]",1.6273014129154266e-07,0.0,9.06064244452864,44.20028630550951,2.52808103921,12.332669170064037
frozen_reference_seed42,frozen_reference,42,frozen_best,1412,1000,6,6,-12.0,75497472,9568795,21502711.312544603,8192,960,25427968,563151,960,0,0,99,1,512,512,0.12674325042300755,0.2848136598871099,0.1171875,0.022146913194164786,0.5891007453034307,0.5985582099065772,0.06592116504907608,0.91215980052948,"[0.05, 0.1, 0.25, 0.5, 0.75, 1, 1.5, 2, 4, 8]","[90, 144964, 12055861, 59929307, 3367250, 0, 0, 0, 0]","[1.1920928955078125e-06, 0.0019201172722710504, 0.15968562497033012, 0.7937922345267402, 0.04460083113776313, 0.0, 0.0, 0.0, 0.0]",0.0,0.0,1.2934315772727132,6.314063859172165,2.526233549360768,12.332155974945636
frozen_reference_seed42,frozen_reference,42,frozen_best,1412,1000,6,6,-11.5,75497472,8854724,20154058.262847327,8192,789,25427968,482076,789,0,0,93,3,512,512,0.11728503968980578,0.2669501074532314,0.0963134765625,0.01895849483529317,0.6148724038124471,0.5794114658777078,0.06195903941988945,0.8872042894363403,"[0.05, 0.1, 0.25, 0.5, 0.75, 1, 1.5, 2, 4, 8]","[190, 193861, 15086684, 58486613, 1730124, 0, 0, 0, 0]","[2.5166405571831597e-06, 0.0025677813424004447, 0.19983032014634874, 0.7746830648846097, 0.022916316986083984, 0.0, 0.0, 0.0, 0.0]",0.0,0.0,1.294065467081964,6.31430865265429,2.527471615394461,12.33263408721541
frozen_reference_seed42,frozen_reference,42,frozen_best,1412,1000,6,6,-11.0,75497472,8166367,18834605.5074614,8192,671,25427968,417207,671,0,0,77,0,512,512,0.1081674231423272,0.24947332683485612,0.0819091796875,0.01640740620721247,0.6400860685412815,0.5608381385476515,0.052795227617025375,0.8652826547622681,"[0.05, 0.1, 0.25, 0.5, 0.75, 1, 1.5, 2, 4, 8]","[366, 260991, 18670255, 55744703, 821157, 0, 0, 0, 0]","[4.8478444417317706e-06, 0.0034569501876831055, 0.2472964260313246, 0.7383651600943671, 0.010876615842183432, 0.0, 0.0, 0.0, 0.0]",0.0,0.0,1.2945036320015788,6.315262419171631,2.5283274062530836,12.334496912444592
frozen_reference_seed42,frozen_reference,42,frozen_best,1412,1000,6,6,-10.5,75497472,7503795,17550886.278385963,8192,567,25427968,366656,567,0,0,88,0,512,512,0.09939134120941162,0.23246985380366064,0.0692138671875,0.014419398356958763,0.6646168947612765,0.5427396036596066,0.05000000074505806,0.8452865481376648,"[0.05, 0.1, 0.25, 0.5, 0.75, 1, 1.5, 2, 4, 8]","[704, 354037, 22828924, 51950150, 363657, 0, 0, 0, 0]","[9.324815538194445e-06, 0.004689388804965549, 0.30237997902764213, 0.6881044970618354, 0.004816810290018718, 0.0, 0.0, 0.0, 0.0]",5.2981906467013886e-08,0.0,1.2919485215097666,6.3128263065591455,2.523336956073763,12.329738879998331
frozen_reference_seed42,frozen_reference,42,frozen_best,1412,1000,6,6,-10.0,75497472,6870937,16309788.20114964,8192,494,25427968,324785,494,0,0,65,2,512,512,0.09100883536868626,0.21603091824252924,0.060302734375,0.012772746921814595,0.688333265572814,0.5250189494658414,0.05000000074505806,0.8294680118560791,"[0.05, 0.1, 0.25, 0.5, 0.75, 1, 1.5, 2, 4, 8]","[1257, 484356, 27514961, 47346211, 150687, 0, 0, 0, 0]","[1.6649564107259113e-05, 0.006415526072184245, 0.36444877253638375, 0.627123130692376, 0.0019959211349487305, 0.0, 0.0, 0.0, 0.0]",1.5894571940104166e-07,0.0,1.293022720143199,6.3139197854325175,2.5254350002796855,12.331874580922886
frozen_reference_seed42,frozen_reference,42,frozen_best,1412,1000,6,6,-9.5,75497472,6268798,15120662.970010404,8192,428,25427968,292755,428,0,0,76,3,512,512,0.08303321732415093,0.20028038779908292,0.05224609375,0.011513110288639659,0.7110564777349446,0.5075846605775558,0.05000000074505806,0.8179605603218079,"[0.05, 0.1, 0.25, 0.5, 0.75, 1, 1.5, 2, 4, 8]","[2169, 663444, 32627327, 42146626, 57906, 0, 0, 0, 0]","[2.872943878173828e-05, 0.00878763198852539, 0.4321644968456692, 0.5582521491580539, 0.0007669925689697266, 0.0, 0.0, 0.0, 0.0]",2.51664055718316e-07,0.0,1.291833464987576,6.314602973870933,2.5231122363038594,12.333208933341666
frozen_reference_seed42,frozen_reference,42,frozen_best,1412,1000,6,6,-9.0,75497472,5700893,13991473.901361566,8192,367,25427968,267435,367,0,0,71,0,512,512,0.07551104492611355,0.1853237403944011,0.0447998046875,0.01051735632198373,0.7326343587740038,0.4903810690198195,0.05000000074505806,0.8059324622154236,"[0.05, 0.1, 0.25, 0.5, 0.75, 1, 1.5, 2, 4, 8]","[3669, 906719, 37992066, 36574582, 20436, 0, 0, 0, 0]","[4.859765370686849e-05, 0.012009925312466092, 0.5032230218251547, 0.48444777064853245, 0.00027068456013997394, 0.0, 0.0, 0.0, 0.0]",6.755193074544271e-07,0.0,1.3018370615318418,6.315302308648825,2.5426505108043784,12.334574821579736
frozen_reference_seed43,frozen_reference,43,frozen_best,1412,1000,6,6,,528482304,52934309,124003725.11544463,57344,4272,177995776,2744895,4271,1,0,569,5,512,3584,0.10016287886907184,0.23464120591527815,0.07449776785714286,0.015421124375445853,0.6614842958378221,0.5817603356016233,0.052766360342502594,1.0584614276885986,"[0.05, 0.1, 0.25, 0.5, 0.75, 1, 1.5, 2, 4, 8]","[395, 970250, 106053015, 403426242, 18032324, 78, 0, 0, 0]","[7.474233233739459e-07, 0.0018359176696292937, 0.20067467575981504, 0.7633675507136753, 0.03412096084110321, 1.475924537295387e-07, 0.0, 0.0, 0.0]",0.0,0.0,9.148196505382657,44.21210304554552,2.552510185653643,12.3359662515473
frozen_reference_seed43,frozen_reference,43,frozen_best,1412,1000,6,6,-12.0,75497472,9568795,21537797.492342927,8192,960,25427968,567468,960,0,0,99,1,512,512,0.12674325042300755,0.2852783930611998,0.1171875,0.022316686885873068,0.5884302770578346,0.6311700579441877,0.113558329641819,1.0584614276885986,"[0.05, 0.1, 0.25, 0.5, 0.75, 1, 1.5, 2, 4, 8]","[0, 31429, 7221593, 61028509, 7215876, 65, 0, 0, 0]","[0.0, 0.0004162920845879449, 0.09565344121721056, 0.8083516889148288, 0.09557771682739258, 8.609559800889757e-07, 0.0, 0.0, 0.0]",0.0,0.0,1.3084663655608892,6.3178095910698175,2.555598370236112,12.339471857558237
frozen_reference_seed43,frozen_reference,43,frozen_best,1412,1000,6,6,-11.5,75497472,8854724,20197432.620704595,8192,784,25427968,486901,784,0,0,96,1,512,512,0.11728503968980578,0.26752462149599654,0.095703125,0.019148246529176065,0.6140435552520288,0.6146714352560307,0.10573036968708038,1.0240522623062134,"[0.05, 0.1, 0.25, 0.5, 0.75, 1, 1.5, 2, 4, 8]","[0, 50562, 9005635, 61797024, 4644239, 12, 0, 0, 0]","[0.0, 0.0006697177886962891, 0.11928392781151666, 0.8185310363769531, 0.06151515907711453, 1.5894571940104166e-07, 0.0, 0.0, 0.0]",0.0,0.0,1.3045957377180457,6.314550504088402,2.548038550230558,12.33310645329766
frozen_reference_seed43,frozen_reference,43,frozen_best,1412,1000,6,6,-11.0,75497472,8166367,18889514.795913115,8192,674,25427968,420453,674,0,0,74,0,512,512,0.1081674231423272,0.2502006265310859,0.082275390625,0.016535060921895134,0.6390367968762908,0.5982676742384364,0.09684277325868607,1.008056640625,"[0.05, 0.1, 0.25, 0.5, 0.75, 1, 1.5, 2, 4, 8]","[5, 76855, 11213951, 61367288, 2839372, 1, 0, 0, 0]","[6.622738308376736e-08, 0.0010179811053805882, 0.1485341257519192, 0.812838978237576, 0.03760883543226454, 1.3245476616753471e-08, 0.0, 0.0, 0.0]",0.0,0.0,1.3077853536233306,6.316644593141973,2.5542682687955676,12.337196470980416
frozen_reference_seed43,frozen_reference,43,frozen_best,1412,1000,6,6,-10.5,75497472,7503795,17620911.12829953,8192,564,25427968,371880,564,0,0,91,0,512,512,0.09939134120941162,0.23339736631578248,0.06884765625,0.014624841434439434,0.6632787770596758,0.5818763623630177,0.08425268530845642,0.9966482520103455,"[0.05, 0.1, 0.25, 0.5, 0.75, 1, 1.5, 2, 4, 8]","[21, 112315, 13942867, 59789265, 1653004, 0, 0, 0, 0]","[2.7815500895182293e-07, 0.0014876657062106663, 0.18467991881900364, 0.7919373114903768, 0.021894825829399958, 0.0, 0.0, 0.0, 0.0]",0.0,0.0,1.3047225354239345,6.315146206878126,2.548286201999872,12.33426993530884
frozen_reference_seed43,frozen_reference,43,frozen_best,1412,1000,6,6,-10.0,75497472,6870937,16398515.580638308,8192,492,25427968,330271,491,1,0,66,1,512,512,0.09100883536868626,0.2172061546728122,0.06005859375,0.012988493614590046,0.6866377578029726,0.5654215977876856,0.07304631918668747,0.9646978974342346,"[0.05, 0.1, 0.25, 0.5, 0.75, 1, 1.5, 2, 4, 8]","[46, 159891, 17294377, 57120467, 922691, 0, 0, 0, 0]","[6.092919243706597e-07, 0.0021178325017293296, 0.22907226615481907, 0.7565878099865384, 0.012221482064988878, 0.0, 0.0, 0.0, 0.0]",0.0,0.0,1.3069955110549927,6.316001572646201,2.5527256075292826,12.33594057157461
frozen_reference_seed43,frozen_reference,43,frozen_best,1412,1000,6,6,-9.5,75497472,6268798,15231612.037506903,8192,427,25427968,296449,427,0,0,76,2,512,512,0.08303321732415093,0.20174996107825838,0.0521240234375,0.011658383398940883,0.7089363316528552,0.5488366721336903,0.06211906671524048,0.9455312490463257,"[0.05, 0.1, 0.25, 0.5, 0.75, 1, 1.5, 2, 4, 8]","[100, 224633, 21327677, 53448449, 496613, 0, 0, 0, 0]","[1.3245476616753472e-06, 0.0029753711488511828, 0.28249524699317086, 0.7079501814312406, 0.006577875879075792, 0.0, 0.0, 0.0, 0.0]",0.0,0.0,1.3064651973545551,6.314938328228891,2.5516898385831155,12.333863922322053
frozen_reference_seed43,frozen_reference,43,frozen_best,1412,1000,6,6,-9.0,75497472,5700893,14127941.460039243,8192,371,25427968,271473,371,0,0,67,0,512,512,0.07551104492611355,0.1871313182518117,0.0452880859375,0.010676157843206347,0.7300265751630969,0.5320785494883147,0.052766360342502594,0.9207710027694702,"[0.05, 0.1, 0.25, 0.5, 0.75, 1, 1.5, 2, 4, 8]","[223, 314565, 26046915, 48875240, 260529, 0, 0, 0, 0]","[2.9537412855360244e-06, 0.004166563351949056, 0.34500380357106525, 0.647375848558214, 0.0034508307774861655, 0.0, 0.0, 0.0, 0.0]",0.0,0.0,1.3091658046469092,6.317012249492109,2.5569644622009946,12.337914549789275
frozen_reference_seed44,frozen_reference,44,frozen_best,1412,1000,6,6,,528482304,52934309,123575711.37096985,57344,4266,177995776,2717509,4266,0,0,579,9,512,3584,0.10016287886907184,0.2338313136232653,0.07439313616071429,0.015267266791769261,0.6626527234311632,0.5574145796550832,0.05000000074505806,0.8769392967224121,"[0.05, 0.1, 0.25, 0.5, 0.75, 1, 1.5, 2, 4, 8]","[33901, 3203600, 141729080, 376045759, 7469964, 0, 0, 0, 0]","[6.414784325493706e-05, 0.0060618869842044894, 0.2681813164362832, 0.7115579010948302, 0.014134747641427177, 0.0, 0.0, 0.0, 0.0]",1.9016719999767485e-06,0.0,9.035830815322697,44.205219651572406,2.5211581515967345,12.33404566171105
frozen_reference_seed44,frozen_reference,44,frozen_best,1412,1000,6,6,-12.0,75497472,9568795,21499788.75007673,8192,956,25427968,562629,956,0,0,103,1,512,512,0.12674325042300755,0.2847749491542807,0.11669921875,0.022126384617127095,0.5891565930857126,0.6068592594730755,0.05000000074505806,0.8769392967224121,"[0.05, 0.1, 0.25, 0.5, 0.75, 1, 1.5, 2, 4, 8]","[469, 164713, 10088536, 61936933, 3306821, 0, 0, 0, 0]","[6.212128533257379e-06, 0.0021817021899753148, 0.1336274676852756, 0.8203841977649264, 0.043800420231289335, 0.0, 0.0, 0.0, 0.0]",2.6490953233506943e-08,0.0,1.2923982683569193,6.316728290170431,2.524215367884608,12.337359941739123
frozen_reference_seed44,frozen_reference,44,frozen_best,1412,1000,6,6,-11.5,75497472,8854724,20156517.470908653,8192,784,25427968,483196,784,0,0,98,3,512,512,0.11728503968980578,0.2669826808361034,0.095703125,0.01900254082433956,0.6148254103545128,0.5908019488818301,0.05000000074505806,0.8698628544807434,"[0.05, 0.1, 0.25, 0.5, 0.75, 1, 1.5, 2, 4, 8]","[1018, 217143, 12570862, 60762388, 1946061, 0, 0, 0, 0]","[1.3483895195855035e-05, 0.0028761625289916992, 0.1665070586734348, 0.8048267894321017, 0.02577650547027588, 0.0, 0.0, 0.0, 0.0]",1.5894571940104166e-07,0.0,1.2904750751331449,6.314632166177034,2.5204591311194235,12.33326594956452
frozen_reference_seed44,frozen_reference,44,frozen_best,1412,1000,6,6,-11.0,75497472,8166367,18843121.538607366,8192,672,25427968,417489,672,0,0,76,0,512,512,0.1081674231423272,0.2495861257262676,0.08203125,0.016418496358025933,0.6399233341400243,0.5745618583617582,0.05000000074505806,0.8626741766929626,"[0.05, 0.1, 0.25, 0.5, 0.75, 1, 1.5, 2, 4, 8]","[1854, 285534, 15564416, 58554390, 1091278, 0, 0, 0, 0]","[2.4557113647460938e-05, 0.003782033920288086, 0.2061581081814236, 0.7755808035532633, 0.014454497231377495, 0.0, 0.0, 0.0, 0.0]",3.311369154188368e-07,0.0,1.288979203440249,6.314420131966472,2.5175375067192363,12.332851820247015
frozen_reference_seed44,frozen_reference,44,frozen_best,1412,1000,6,6,-10.5,75497472,7503795,17566176.50694888,8192,566,25427968,367488,566,0,0,89,0,512,512,0.09939134120941162,0.2326723801685556,0.069091796875,0.014452118234536083,0.6643247109789931,0.5580571777249941,0.05000000074505806,0.8551536202430725,"[0.05, 0.1, 0.25, 0.5, 0.75, 1, 1.5, 2, 4, 8]","[3204, 378859, 19122561, 55406294, 586554, 0, 0, 0, 0]","[4.2438507080078125e-05, 0.005018168025546604, 0.2532874345779419, 0.7338827715979682, 0.007769187291463216, 0.0, 0.0, 0.0, 0.0]",7.947285970052084e-07,0.0,1.290390775538981,6.315063951537013,2.520294483474572,12.334109280345729
frozen_reference_seed44,frozen_reference,44,frozen_best,1412,1000,6,6,-10.0,75497472,6870937,16332305.121900415,8192,493,25427968,325949,493,0,0,66,2,512,512,0.09100883536868626,0.2163291655898149,0.0601806640625,0.012818523289002095,0.6879029856039267,0.5412185928362988,0.05000000074505806,0.8470939993858337,"[0.05, 0.1, 0.25, 0.5, 0.75, 1, 1.5, 2, 4, 8]","[5334, 509871, 23279332, 51397289, 305646, 0, 0, 0, 0]","[7.065137227376302e-05, 0.00675348440806071, 0.30834584765964085, 0.6807815896140205, 0.0040484269460042315, 0.0, 0.0, 0.0, 0.0]",1.5099843343098958e-06,0.0,1.2913018129765987,6.315093267709017,2.5220738534699194,12.334166538494173
frozen_reference_seed44,frozen_reference,44,frozen_best,1412,1000,6,6,-9.5,75497472,6268798,15150360.252631277,8192,428,25427968,293132,428,0,0,76,3,512,512,0.08303321732415093,0.20067374246161881,0.05224609375,0.011527936483166882,0.7104889869139935,0.5239975219143205,0.05000000074505806,0.8378554582595825,"[0.05, 0.1, 0.25, 0.5, 0.75, 1, 1.5, 2, 4, 8]","[8455, 694943, 27990015, 46648718, 155341, 0, 0, 0, 0]","[0.00011199050479465061, 0.009204851256476508, 0.3707410891850789, 0.6178845034705268, 0.002057565583123101, 0.0, 0.0, 0.0, 0.0]",3.4040874905056425e-06,0.0,1.2887499583885074,6.313884366303682,2.5170897624775534,12.33180540293688
frozen_reference_seed44,frozen_reference,44,frozen_best,1412,1000,6,6,-9.0,75497472,5700893,14027441.729896525,8192,367,25427968,267626,367,0,0,71,0,512,512,0.07551104492611355,0.1858001514262163,0.0447998046875,0.010524867736187177,0.7319470429409793,0.5064056983933058,0.05000000074505806,0.8314564824104309,"[0.05, 0.1, 0.25, 0.5, 0.75, 1, 1.5, 2, 4, 8]","[13567, 952537, 33113358, 41339747, 78263, 0, 0, 0, 0]","[0.00017970138125949435, 0.012616806560092501, 0.4386022090911865, 0.5475646522310045, 0.001036630736456977, 0.0, 0.0, 0.0, 0.0]",7.0863299899631075e-06,0.0,1.293535721488297,6.315397477708757,2.52643695603183,12.334760698649916
